,Channel_id,Channel_title,Created_date,Video_count,Views_count,Subscription_count,Subscription_count_hidden
0,UCdzU3DSGzyWzN2118yd9X9g,Abdullah AYDIN,2007-08-24T13:54:40Z,39,141680,298,False
1,UC0UnhAG47DRyVZGVcbhAXhQ,Saul TP Channel,2007-02-08T20:41:20Z,105,209264,659,False
2,UCXjtAvK5P3wXBGh0vbGylzg,TheTVtaoista,2009-07-09T22:03:36Z,168,82921,0,True
3,UCeKHMeUlcLNPLCLUfZUQI2w,Tiffany Hendra,2008-05-08T04:06:11Z,269,2420936,23100,False
4,UCNWPDyaWf2eAHnofFLSnEMg,All Gamers,2014-03-14T02:03:00Z,2777,1674534,230,False
5,UCdo4nsIhLYABKSnU9IMBvcw,RhinoCo Technology,2007-02-21T00:01:28Z,109,339671,1500,False
6,UCZNDDbxNipTnfrSH4NpuoOw,TimothyMBoudreaux,2008-04-25T00:48:42Z,22,260245,156,False
7,UCgg5HS1oVuMSoGRPuHo-b_A,Hawlo,2008-10-12T18:37:08Z,2585,28560739,163000,False
8,UCCNZDSGjG6xEoz2lv4FThMQ,Travis Conover,2010-12-13T17:24:41Z,31,106557,37300,False
9,UCW0Dk2N7209dicPGgYNcnGg,H∆∞ng ƒê·∫∑ng Channel,2012-02-09T10:44:36Z,1,8,86,False
10,UCq-di9ylxEtA-MAcrvwFrEw,dezeroadezfilmes,2008-04-11T23:25:06Z,637,24307460,11000,False
11,UCDUi7yW7tJ7QWJZgK8sRLLQ,AvielNova,2007-12-23T16:33:13Z,605,8260976,5550,False
12,UCKMDuwPLGjt-nGHgNPOk5PQ,iMAVERIQ,2012-05-11T03:45:49Z,5807,182539461,508000,False
13,UC3pvtaMQ2b74u2dwUjhYMoA,braian7480,2011-10-20T12:48:54Z,1,4407,0,False
14,UCaBmj7srjEN8hpcq2lcYQJA,iworkforbudlight,2008-04-13T07:37:07Z,366,13358170,16600,False
15,UCpjYH_3HgCYCBEj5kOZ250A,Mon Cruz Pinto,2013-06-11T15:56:17Z,392,767353,7850,False
16,UCBFF3y6p-LqzD9bQSDgipgA,MadzGFX,2012-08-12T20:14:27Z,8,38139,441,False
17,UCVjfxCDKw_1bfH9GzhfmuMQ,Chloe Temtchine,2007-09-20T19:41:33Z,178,5460739,51800,False
18,UCIqxsYQqmf-1rP7w18cDAkg,isus metodev,2012-09-23T12:59:36Z,8,36309,26,False
19,UCqDbufe6xLQvj0ylR1B9FTA,Muzzi,2006-09-09T07:29:21Z,5,770562,747,False
20,UC7gA_qnevZEg033B3fFfrKg,Im Fokus Online,2013-04-28T23:20:36Z,237,1633230,2930,False
21,UCpJ-kuYqO3-FmecU4hViajw,Matthew Lim,2006-09-16T17:26:58Z,4,27772,52,False
22,UC9fwbix0hNiFQ-nhU209UXw,pokeeffe,2006-10-25T16:05:06Z,12,45654,4,False
23,UCQowROOeb9i2uh3TBCKjsEg,Aptrip,2010-10-04T19:46:35Z,64,2502060,1920,False
24,UC5rEKljNZfKS14WhkZ9o_oA,frostbool [–ê–†–•–ò–í],2011-08-05T07:32:32Z,876,26119155,335000,False
25,UCMxVXcnKrXzE9MH61GwjFzg,dorfman01414,2007-12-11T19:33:05Z,7,379886,27,False
26,UC_6j2h3N5jNjx-IVWhIeXhQ,01RosiePie,2011-11-24T21:33:18Z,99,3560007,13400,False
27,UCjZ6Ay7M4-4k8rTiKpRJJUg,s07p028,2009-05-02T02:35:11Z,23,59682,78,False
28,UCSfdh8cOnTt4qoyilCKVrgQ,MIRAENTERTAINMENT ESPA√ëA Xikitim,2008-01-20T11:22:25Z,80,632695,704,False
29,UCfeHOn4Xgf6ZxQQBZ_Jzw_w,sanosakadoga,2009-01-13T09:13:56Z,118,1508881,2080,False
30,UCp9CMBa8SvcnldY6CUl7tww,Comune di Cagliari,2011-01-27T08:59:48Z,1293,602824,1850,False
31,UCz48GslYrQBCAzmSDvXTJXQ,Daniele Canedo,2010-06-10T15:20:51Z,86,261883,568,False
32,UCtfJaQB08iPTc5GcTwaMqtw,haris younus,2012-04-17T10:43:53Z,1,48879,131,False
33,UCcb0muJBVxIUeOsyDr0u7Ig,Thunder Chile,2006-06-19T03:30:00Z,52,31735,52,False
34,UCdt_4stK3iBBbzPtZfqMufw,–ê1 –ë–µ–ª–∞—Ä—É—Å—å,2011-07-25T17:56:26Z,1156,6361332,7540,False
35,UCWPmknLYJuVSKV4Bqv04a1A,Stephanie Leddy,2013-08-12T20:55:02Z,10,9844,4,False
36,UCxKqLvgx_iMIbpyaBfr7rIQ,STTR,2012-12-28T17:12:48Z,7,101126,0,True
37,UCZ0mqihIUZbQV6D06TGaNiQ,pmilligan,2006-03-16T20:04:38Z,9,57354,7,False
38,UC5JS3820CHv1cwcyEN70lgQ,PicupMage,2006-12-30T22:51:39Z,208,2467246,1820,False
39,UCT6LaAC9VckZYJUzutUW3PQ,Game Sack,2011-03-27T22:30:07Z,380,71529601,259000,False
40,UCQQKMcjzoGsTQGVHwwR_HZA,maratungai,2011-02-28T05:34:51Z,21,68164,75,False
41,UCbL8uzrp-nGAIhfuNcl7WzA,Blaine,2008-08-07T06:32:29Z,16,454400,2190,False
42,UCvkuzmjHdWmMdJLGFFSt5mg,AntinomyRF,2011-07-18T23:12:04Z,186,604467,1800,False
43,UCWgK_4f2rYzU9jUru8-RxTA,nguyen son tung nguyen,2012-02-22T10:20:17Z,457,2226399,6960,False
44,UC_1ZXxjRTcY5wX1MQ81rEdQ,chalinosa,2008-03-22T18:52:53Z,1090,66895966,191000,False
45,UCNWE19wwZt6R6LoVk4gtlRQ,AnthonyA5555,2011-02-12T17:38:43Z,286,4712312,1170,False
46,UCgX2EaVuwi0jstpTXrWQGyQ,AndrewAJT,2007-07-07T05:18:52Z,445,8191497,29900,False
47,UCCabTk9Qskbbi2nAgSy0MNw,INTANGIBLE SEARCH,2011-03-28T15:06:46Z,261,1022525,1880,False
48,UCRhrB3agtA3afGvCx9DN6GA,Tun Tran,2008-06-01T09:13:05Z,242,1840345,3490,False
49,UCuE1Ed6JqKgCZrF1PKRD9yw,nicole dineen,2007-01-19T20:22:16Z,10,5388,6,False
50,UC5ljOmJyDE1JrGMkruvWCrg,HildeChristina,2007-12-22T21:17:00Z,279,4189589,18900,False
51,UCoDkamsmzvrvxmZT9JdpONQ,agrofacchinetti,2009-03-31T19:04:52Z,11,248236,360,False
52,UCgquFDyfTt6SWG1xXUKGiqA,Namine Ritsu,2009-07-24T21:56:37Z,42,265866,158,False
53,UC31zdvJk5Sr2w5n4hklJX1w,Thai Song Lyrics,2012-09-17T01:27:07Z,2,271,9000,False
54,UCJWrsIZjGI3aOgtoqD09x3g,praiseload,2013-05-09T07:01:58Z,12,2564673,4960,False
55,UCny_hcFKMhkFjVcJZwWRrFg,aviationforeveryone,2011-10-05T18:44:10Z,15,161127,1250,False
56,UC56-92630x0A7w_HrjK8AsQ,Studio7as7,2011-05-05T04:31:16Z,1236,841677,2790,False
57,UCgRz5nuL14LD246x7HllIqw,JiteshLakhwani,2010-12-28T09:53:35Z,13,11593768,28900,False
58,UCeBNABt4ejGeuaLz8QJK6Yg,TheIcehamster,2009-07-04T15:17:24Z,12,81996,59,False
59,UCC5qXYhDHV1TY43_DWVvv1w,Deluxe2O,2012-05-27T16:04:33Z,1233,34730471,624000,False
60,UC02sVouxIghy3nLOm_RzvDw,Renata Barros,2006-03-19T02:47:20Z,27,7914,19,False
61,UCOXTmmhdne0ehxsOAV_lEZw,Hardwareluxx,2009-03-30T15:53:55Z,1336,7158469,11600,False
62,UC9E14Vftpl9xZY6cbTEs2LA,votografer,2008-02-19T04:15:20Z,43,28557,49,False
63,UCoMYvfLxUfajoBTLm-nvlAw,ArcadiaNailArt,2012-02-13T11:07:31Z,78,7483266,100000,False
64,UCgSDoVw1IaChd8mVsT6st7A,Stealthless,2011-06-07T21:06:20Z,484,33222187,29700,False
65,UCnjnz6SAho-BFuOCk3lB_xA,ghog63,2011-07-05T16:03:16Z,99,4378289,17700,False
66,UCWIw8jZ8WuGzJkfNBhzoPFQ,Bingeable TV,2008-04-16T21:19:50Z,2,843,71400,False
67,UC0qq90ZhYD2AA61Fp4RKBrw,martin raul Dominguez,2011-10-07T12:27:44Z,53,17912,31,False
68,UCLJE1cvF9a___wz3h-U2EYA,JackMcJack12,2008-01-11T14:19:07Z,18,674632,111,False
69,UCBNP3TVxHxtJJTWQfyC1ctw,Juan Trillos,2015-01-07T22:18:45Z,0,0,1340,False
70,UC8G8kqkWlL6qIMDZG8DMPcw,VICTORHUGOAE,2007-07-30T23:32:28Z,5195,8985413,55300,False
71,UCXHZkk84LkX7pdsagGCA-eQ,cantonrep,2006-07-31T15:31:31Z,3001,7965932,5120,False
72,UCRdDXp3LihrgoXg_wPO0Thw,unblackcellofreak777,2009-11-23T04:12:19Z,2,3835,12,False
73,UCdSrV3OGGXu6ZsE-mF9l7aA,Alfredo Esquivel,2006-11-23T20:03:52Z,464,705410,1130,False
74,UC0Wg1TUmlxj6ihalJPxHyqg,Angelatedo,2011-06-23T09:09:53Z,1249,139408617,278000,False
75,UCy5Q86oJOrho-eZbc22DJSA,ELParqueCR,2007-07-16T04:48:12Z,44,665648,2860,False
76,UCy4DstXG8Sxx-gqVOtY_pMg,Yoshiboy2,2006-06-10T19:13:47Z,17,1304993,3990,False
77,UCy1F61QvUUQXAXi2Voa_fUw,NTT INDYCAR SERIES,2006-07-05T14:57:58Z,4166,88616644,285000,False
78,UC58k_P0vo3pibDwW-Zna68Q,Daniela Pulido,2008-07-17T04:41:45Z,5,202,2,False
79,UCq5STAGBJGgTfSVk30T5yWQ,christinamariaa1,2011-06-05T02:14:56Z,55,144793,759,False
80,UCU8NCah8lbB_e6mY8CqhDRA,Vida Extrema,2006-04-26T14:11:28Z,499,11649468,22300,False
81,UC-gUD1u77R_fCYU5VJoe7zg,The Real Geeza,2006-09-25T20:25:15Z,1461,5285692,4300,False
82,UCR4DZnk4TP-WYtf8wB55h5g,deuterbackpack,2013-09-23T00:06:19Z,21,405558,232,False
83,UCqBNcBqhybw0vfqtpDgJ-Pw,SaveStef,2007-10-12T15:11:16Z,127,851790,338,False
84,UC0Ec7aNF-i67aWHH6-BKQwg,Jo√£oaoaoao,2008-04-08T15:33:18Z,85,165917,589,False
85,UCTn9b_cuSTtsDVNOo4EWKzg,loopy,2013-04-04T13:23:40Z,202,757640,1030,False
86,UCbiPCnUx3WWb2h4H1R4uLBQ,dieselyota,2006-11-25T03:32:14Z,49,191312,131,False
87,UCn9atqScyXLGnjNQ_DEXQ5w,byArteer,2011-12-15T11:24:17Z,2963,87111531,487000,False
88,UCwyZMvRDBleBvllMYN2EoGQ,Mayo MA,2014-09-26T01:40:33Z,110,11923154,34600,False
89,UCr4caF0n0P5kExMR8uWERJQ,NK-TV.NET,2013-04-17T13:59:28Z,1047,7262171,6100,False
90,UCCVLeCM2GmwjDg2elXqojcg,Stonehopper1986,2012-03-26T20:51:34Z,429,1617171,1450,False
91,UCfMnYQQtNI-jRwX1LSp4QXA,Buenavistacine,2008-12-23T12:18:01Z,340,61541280,27600,False
92,UC_kbaOT64kspWcXIRrnmP2g,Henk te Kulve,2010-10-30T13:07:56Z,7,2598,2,False
93,UCkYIV-GhZvKyrUyPetZpdwQ,Erin Duran,2006-08-22T23:43:29Z,36,301736,120,False
94,UCtH1zjiEXG7pK_n30LXGpSQ,Angelheartcsn,2011-11-04T23:52:16Z,158,865134,858,False
95,UCDJEz4SBUw0alJrd-G8r4Yg,NoobGamer4U,2011-02-16T06:40:48Z,24,6952,52,False
96,UCj2BnNGuhrB_BXLoIMhkxiA,GROOV3Dance,2010-12-14T21:37:22Z,298,5026439,32700,False
97,UC--kMyYobbRpKDLzlGkwo6w,Baba de Mo√ßa,2014-12-07T05:23:58Z,31,107749,1340,False
98,UCEM28LrpZS6qvC5re-hbTjQ,curryking1,2006-08-27T04:11:16Z,311,2244380,2710,False
99,UC1lBNgO-iUWIzJdelqXKAvw,Angler West TV,2007-04-20T15:43:00Z,824,12389990,34100,False
100,UCMiOdQQZ2CnQGwucXtV-trg,monstar1104 II VIPVIPVIP827,2012-07-22T11:28:03Z,42,5760180,14800,False
101,UCMTadap4VoHJjwRq91-59UQ,b4se üëΩ,2011-02-15T22:28:25Z,108,522293,758,False
102,UChmj5_aVSCk8DJZTGCJe8rg,TheRcReport,2008-11-13T16:58:23Z,110,110650,168,False
103,UCl3nQ5f-O8iWmICHinAoh6Q,byconconify,2009-07-07T18:54:19Z,9,42077,14,False
104,UCEIBdGrIkorV7EXW1e0GCqg,Pka N-D,2010-12-29T07:02:16Z,11,15546,45,False
105,UCWYdaRNoeOWfS5s6GYaXLzg,musicelepiano,2010-02-12T06:28:26Z,22,164167,70,False
106,UCrNdw9pjfStYU_10jkU9Fwg,MrLokitomadrid,2011-03-23T10:42:35Z,17,30189,1,False
107,UC37bdEiP-uJreI5wtMwZAVw,TheSavagear1,2009-07-22T16:12:48Z,74,242658,449,False
108,UCEsrx2HdQshx7LaoPINvrPg,karinto1,2007-12-29T08:35:44Z,371,6412414,1940,False
109,UCyNzS_6-B9hnZWemuBpQgEg,Alexandre Pereira,2009-08-13T13:04:21Z,31,16703,19,False
110,UC1XKoUVhwJIAiCzDw6avCAg,teman007,2007-08-31T03:30:05Z,6,19887,2,False
111,UC-UEnvqjaf-7fcLJSCVspXg,deadashell,2006-07-03T19:04:34Z,11,179255,140,False
112,UCnnbro6IhJ6kfjV3xw5KZtA,KuKuStudio,2010-03-01T20:33:45Z,12,1294534,1160,False
113,UCORTeEEMFRKQTePwQJGZfUw,tommymay1000,2009-11-01T12:28:12Z,56,370295,175,False
114,UC-VolW1nwETh9Ll1y2h1ueQ,rsaba,2006-04-25T17:10:42Z,7,14284,61,False
115,UCK_k08qLykhW03fPP5P1kWA,CichlidDomain,2012-03-12T03:57:01Z,19,34835,140,False
116,UCrfnNPLMIHZI-wDupFVPcBA,Mkohl40,2007-12-01T05:48:42Z,8331,51093142,89400,False
117,UC1cfEMDmx1gpLHsvU9mg_9w,lebed1529,2009-10-11T19:25:14Z,30,25667461,43200,False
118,UC6USZimMmwjrbDGKjyaVwVA,Joe Feser,2011-05-14T15:44:44Z,33,173592,377,False
119,UCSZUXGdzweAuksqVrrbj2Iw,BoernerGermany,2012-01-06T07:46:14Z,7,14732,12,False
120,UC8FJ1dhYn4LuLWPv1TBZOoA,TRAPNEST8492,2007-10-30T14:06:55Z,3,13199,2,False
121,UC-ofUgXWCeaMSfjX8mBCbBw,Bronzowe My≈õli,2014-03-30T15:01:22Z,818,179587644,395000,False
122,UCRNgihmjtQNhn_egg0Y6KDA,Orlando T Parker,2010-09-13T11:45:27Z,12,66720,53,False
123,UCfUuMpX38c9_7jaCEYiDdkA,sauberf11,2006-10-14T08:44:04Z,2,32796,2,False
124,UCxhns6nPe8EeAM1yD1tJgBA,Motorhomes of Texas,2012-12-11T03:16:32Z,665,1732007,3690,False
125,UCCkPbbLX7JCnEhnknohzT1w,Martin Chlud,2007-12-16T15:54:24Z,25,1281875,1170,False
126,UCmI-YXEUHMu0ao7kKjuTAgQ,mortenkvernmoen,2007-11-29T19:07:27Z,5,3332,0,False
127,UC9PILq9AJuk2ZYkD69Qo9nA,–ù–∏–∫–∏—Ç–∞ –ê. –ö–æ—Ä–Ω–µ–µ–≤,2011-08-30T20:21:48Z,13,321418,205,False
128,UCnJutVTtn3ZXyapoGUmuRTA,SoupRS,2010-12-17T19:34:06Z,1167,60262829,189000,False
129,UCOeIQDlcWZk7n6S4-soaAGg,Yggdrasil Tarot,2007-02-14T04:50:37Z,0,0,282,False
130,UCpa-hho2NHxC47LYmGixGEw,K Gary,2009-08-22T12:22:17Z,54,529503,257,False
131,UCeXY-D7RTVIIOuKP9HB35Ig,MrJacob,2012-07-05T18:50:14Z,7,14802,13,False
132,UCe0eBOd5v3GOWTCFX-HxKsw,dannyjdr,2006-02-26T02:43:54Z,7,4840,7,False
133,UC9Yi_hWXTZlMVZSAvTBLBnw,Braziliano Al Mansoori,2008-01-17T14:07:20Z,11,8599,10,False
134,UCEioe55oIi8WGww0S9HtpzA,OM filmiStuudio,2009-12-11T19:26:09Z,68,138262,196,False
135,UCttWHTSCu8IRnxZQ7SB6n0A,FourSwordsLord,2007-02-24T19:46:25Z,2358,24325780,11600,False
136,UCpiK1YCS2GnYUVN_UCrT5Ng,BRE4MINIDRAG,2007-08-16T12:35:40Z,147,1954014,1000,False
137,UCJlKhBw4YLmG5gy6OYuOl_A,Gabit Abdimalik,2009-02-01T13:07:18Z,24,1402462,1440,False
138,UC-H-A3Uwh1p0yz-ZBocFK7Q,sara feltrin,2006-04-06T12:23:03Z,17,39011,47,False
139,UCsWWKbPsXvPm6gbc8NDLZLA,Honor Bound,2013-05-25T12:43:21Z,5,69895,203,False
140,UCHVLKtu4iaKfBUscsxb510w,Tom Petendi,2006-09-11T11:32:05Z,122,1412757,2750,False
141,UCHIwQiZhIn6fm5b_IilqBbQ,DaniRep | +6 V√≠deos Diarios De GTA 5 Online!,2012-10-29T20:05:51Z,9925,5865388933,11200000,False
142,UCAQsSq6zk_RLaYIfRPrqE3w,polish8282,2006-11-20T19:45:23Z,12,36678,14,False
143,UCcw1Qs2-_gZA4s51BkCdseQ,Rodechi,2008-04-25T00:42:04Z,129,127312,120,False
144,UCRxDTCmIjgli-Xgh2KPE9dA,„Ç∑„Éç„Éû„Éà„Ç•„Éá„Ç§,2006-11-03T21:51:00Z,16668,2548947128,2150000,False
145,UCt4uUPXTEgGwEZbchC1VAYA,aznpersuasion2008,2008-07-15T06:05:51Z,2016,31926917,76400,False
146,UCUtZaxDF3hD5VK4xRYFBePQ,Britain's Got Talent,2008-04-12T21:10:21Z,3019,9396562333,16600000,False
147,UCtnboZiB_Nqif-YNtp4aB7A,DanceOn,2006-05-06T20:36:45Z,2088,640478096,1860000,False
148,UC7W4SLNcEGIb9iq4-XtaNng,ÍπÄÏóòÏßÄ,2012-09-07T04:25:50Z,1,3161,2,False
149,UCMATRiSVZ2ISwBHQiNkFWrw,JulensMan,2008-11-29T10:27:52Z,237,7027246,1830,False
150,UCm68FLDkrkxJ7SdoDSMnJpg,–ü–∞–≤–µ–ª –ö–æ—à–∫–∏–Ω,2009-06-04T15:00:07Z,228,634232,262,False
151,UCnwgxNhrMK4CxQxgDuE3zvw,synthartist69,2007-12-07T21:31:28Z,1325,4936212,7530,False
152,UC_BaxRhNREI_V0DVXjXDALA,Porsche,2005-10-18T06:12:36Z,2265,395137601,1010000,False
153,UCl9wrgGC2MAEfl6PqbFfR_A,TheRulerOfPlushRose,2007-07-10T18:16:51Z,6,519855,433,False
154,UCnUU48FFRDsyTC6R90Jvqwg,„É§„Çπ„É¢„É™,2012-02-22T02:22:25Z,977,853881,1720,False
155,UCeR4TZywTWya4zo38b_8hdg,HarpuaFSB,2006-01-05T18:19:10Z,502,8916316,11500,False
156,UCNW-XFAFkHcLmD_PhY8O9hA,shaunlss,2006-11-05T08:09:06Z,10,40701,11,False
157,UCp1b_STYnVuWnn4YRJ9Cbhw,pixieriiin,2009-07-09T01:57:28Z,90,444433,2510,False
158,UColGCeicDD7itc3NZ71qeYA,DZMISTHEMAN,2008-02-06T04:47:39Z,4,6854,1,False
159,UCWONS8Rwe3-5Y6h0S5kdyyg,giobbe bhs,2008-05-13T00:08:50Z,646,10378512,13300,False
160,UCPeACP9gjNLMPnSH8vk81PA,chickentime182,2006-06-26T21:08:35Z,62,707196,407,False
161,UC3g5hdo7-s_dkMuw_QaQBCA,Weapons of Mass Gaming,2011-02-10T01:28:17Z,1638,3591560,5360,False
162,UCchiov_1kNqpRaOl_o-DiFA,Nearsighted,2010-08-05T08:26:25Z,37,1950667,17200,False
163,UCzsVtOHj1BU1kFVhzcm2Zgg,BoxDesire,2012-03-09T17:17:41Z,114,9969223,39700,False
164,UCKpjCjPe_-4G8Tp6x_NCOAw,Vasco da gama,2011-02-12T00:42:06Z,130,3285863,10700,False
165,UCROGAM2vq9kCLmQ6j4y1xdA,Alberto Lombardi,2010-05-04T09:45:43Z,181,668432,7230,False
166,UC6-o4kl8D4P1HtouVnWf5tA,TEC-IT Software,2009-10-19T09:48:14Z,145,6932174,0,True
167,UCQbXvTBkjb0h0QuRS9l7vNA,Jos√© Israel Ordaz,2007-08-29T02:21:00Z,6,97410,80,False
168,UC7w8GnTF2Sp3wldDMtCCtVw,Stretford Paddock,2013-01-09T10:34:05Z,7175,251602822,581000,False
169,UCl3soA3A1-Rvx0vdoCtBXiA,SimiValleyKid,2007-05-02T23:02:53Z,8,12791,4,False
170,UCdRQubBW_YEY9tDFXxqZk7g,mReXpeR4,2010-12-22T20:05:22Z,7,1120704,538,False
171,UCju1iuBcl-Jb_di_KQ7CyRg,Techniqued,2006-11-29T08:56:59Z,4573,139396998,379000,False
172,UCltLGEyRxWAoMLGzB9wYlQw,Machinima Respawn,2009-12-08T03:56:22Z,0,0,2460000,False
173,UCjrTCHHo6ArJrszI72J6mtw,Magic Wrestling,2008-08-06T21:32:51Z,35,9845812,12800,False
174,UCQXI4dGbasH2nMOzZRB2Heg,BlackFox2240,2008-12-12T02:37:40Z,2540,29569682,25600,False
175,UC46hk4nW8LZ4ciCrLJpLxdw,MrHoneyHammie,2011-05-11T15:19:39Z,291,5568863,5050,False
176,UCDGmIjVK68ULRQnyUAoGgAw,Mike P,2007-06-29T10:30:43Z,57,323192,77,False
177,UCzhdUe_X8bCbFvNSeQUIFng,Kelly MacCoy,2012-05-23T04:21:48Z,65,1162807,2590,False
178,UCrJDNlUPWtPSu6kmDPnTyJQ,Miinto.dk,2010-01-12T20:30:10Z,53,214421,186,False
179,UCj0QsxcE_JRu1YstIIF76og,BritainsGotTalentHD,2009-04-15T20:28:49Z,68,8885686,4590,False
180,UCy9HnNMLyRz_MiO_nOhhijw,Volver al Origen - Agua Kangen,2011-06-06T21:32:16Z,59,192705,493,False
181,UCqheS9rd4_nojHk3H-FR2XQ,DPJ,2008-01-01T17:04:02Z,4488,336409938,1020000,False
182,UCu4CLugrCWnpB7iDHDR3akw,trowako,2006-08-03T14:56:10Z,153,4209537,364,False
183,UCVqctw_4onzfN_wnOgQKYXw,Esther Chuang,2007-12-10T04:20:39Z,37,74026,313,False
184,UCRz0xsWzleLU3EOyKu7L-lg,kathe1209,2007-04-03T14:05:29Z,13,4334,1,False
185,UCJnc3w9sBoozXP5RQ15CBRg,applecore1989,2008-09-01T14:09:01Z,13,70493,76,False
186,UC98Hk0dfZPYiZUPJY3IVUMA,Robb Sutton,2007-07-14T03:13:40Z,123,2478297,10100,False
187,UCixInvC05-KR6pvhqg_sZSQ,LPBaldia,2011-03-06T05:33:15Z,758,2519798,4640,False
188,UC6OQnvhRoWwMZGscP-XUYCA,Mausc Jogos,2013-07-25T03:17:09Z,31,447105,825,False
189,UCDZyIwZMkRtb8IP3Mbwl8zw,Angel Manaar Bellydance Superstar,2006-08-24T00:25:55Z,50,174141,330,False
190,UC8P_gJ6aCVv51J75v-JA27g,Dandy J,2006-04-04T22:26:33Z,766,11506843,7250,False
191,UCgjMHGQ2asROtNWhAu5MBuQ,aznpikachu215,2005-11-04T23:19:07Z,2381,49174440,68700,False
192,UCbKhummQreunNafJALxRp5g,Big Dude's Music City,2009-03-10T15:15:46Z,41,29532,28,False
193,UC41lvjrDswwUc7X4d80bA2w,BalloonShop,2007-08-29T00:32:16Z,88,64965992,235000,False
194,UCgqx_CBOTiv8U_mk56DrEig,artifexionall,2011-05-11T12:56:39Z,28,115353,25,False
195,UC2gzLahvy-zwTV9AwNdhZgw,Kevan Paul,2010-02-28T23:23:59Z,82,132788,623,False
196,UCfQKqzsyvHYiajiyrgpzSqQ,ahsanfm777,2011-10-13T18:22:25Z,2,11011,10,False
197,UCbzEcb-FnsprBRyYuuWDaEA,CruisinClasics,2010-05-18T20:22:06Z,263,59885,43,False
198,UCteJOOR438YLzNCNBnEYBLg,Heeran Kim,2012-12-23T00:07:43Z,2,6959,0,True
199,UCL7L9Dl__Pr32JFU7V4u5hw,Old17Productions,2007-11-29T14:01:40Z,44,176494,94,False
200,UCrgoTjEg8Ig9uqzZBXkUcpw,Watersafe SwimSchool,2011-04-25T17:54:26Z,1365,52957684,175000,False
201,UCoNKUzSql4qUXaMa0qwwWIA,danilo marques,2010-04-20T23:33:40Z,6,36620,18,False
202,UCxoBONIH2g_i4NKZIiyoPJw,tmberli,2007-01-05T20:37:12Z,13,27466,12,False
203,UCxYzDgQE1KxmU0lpPNnC0gw,Maxime MXam,2007-06-22T09:42:44Z,55,1208369,3210,False
204,UCPJgYyZfwCBkv222WYCN3Qw,MvPancer,2007-11-11T10:49:06Z,8,9001,2,False
205,UCK9-jd6Vv_f5xgoLE31e12g,All Things Kpop,2014-06-17T19:45:30Z,228,417948,1130,False
206,UC6ciUUMRms4L-LLz9LKfdrQ,Uniesp Oficial,2012-09-28T17:08:38Z,1387,2744373,18100,False
207,UCGXROVmHl6iJtO67vv8TS4A,Jeffrey,2006-11-04T20:55:17Z,2,27436,4,False
208,UCj_YB3cKoTAWwXWj_HikxQw,Eurogym bvba,2013-10-30T14:39:54Z,34,356719,482,False
209,UCJRMOYY6Tf_w2yQ_6jGZXmg,JRSportBrief,2009-04-01T01:25:04Z,2008,81556535,104000,False
210,UCkENYw0PRQdwo6mV2nMDONQ,"Œü Œ∫Œ±ŒπœÅœåœÇ œÉœÑŒøŒΩ ""ŒµŒΩŒπŒ∫œå""",2014-01-23T17:45:58Z,388,1805771,1460,False
211,UCl2nBtaD20xnQhSoGmD25WQ,pfingstrose1981,2009-10-17T11:31:26Z,75,58706,78,False
212,UCh_K4-2-Quf55BA8aMoDQ_w,√áeyizlik El i≈üleri,2011-10-06T23:05:53Z,622,28321800,71200,False
213,UCbu2SsF-Or3Rsn3NxqODImw,GameSpot,2006-04-09T02:01:54Z,35370,2805650454,4600000,False
214,UC6ffr2IsErZIv03eqp4V_Zw,Michelle Olsen,2009-07-27T02:59:06Z,24,125314,68,False
215,UCiEx-V0EAgaR6EGcMe9TSDA,MuseHD,2009-01-29T15:26:31Z,19,274844,264,False
216,UCT1XviyXCuYgG2D6m97Pa0A,ptiteju1007,2007-09-14T11:24:03Z,5,6673,0,False
217,UCJo3iU_2Ji6Q6aTieypJOnQ,Felipe Mattos,2006-06-14T00:52:17Z,38,119571,163,False
218,UCRlNuNXnK8W6i9wkb6Da1WA,Dash Shaw,2009-01-13T00:30:29Z,12,610461,475,False
219,UCFh-pzkzGa200ZkEHmNQPxA,Bustaxel,2008-09-04T13:07:36Z,8,1095191,285,False
220,UCBqoK_z14RmvqEU-Jo_VicA,RFNB92,2009-03-30T14:03:24Z,1,3522,2,False
221,UC5ikmAX8WAoIdPgB9OrSrzw,Bryan Loeher,2012-04-06T00:47:45Z,75,1315024,639,False
222,UC6W76RWijOhx3dY9Ja2UigA,BigBlueRoadster,2011-10-22T00:57:50Z,14,205078,329,False
223,UCedDv5zYKS5naBCRuv3M_ag,Ari T,2010-08-29T21:29:33Z,126,393728,2560,False
224,UCk1OsvdPasZXHL56x-oBIwg,FussballJuli2011,2011-06-29T06:52:31Z,103,66542,13,False
225,UCRABCYIg89ns2-FIEzRIldQ,RVFreeDa,2009-12-14T18:03:49Z,691,1420641,3310,False
226,UCwQqeblRMlew5AzrKHseLuQ,Jakub L,2013-07-01T12:37:13Z,150,179692,63,False
227,UCEOKTdgjA4fGPC0slR34J7A,lacrichat,2006-09-02T23:06:26Z,110,229634,99,False
228,UCKPrGrzWHmHcmJwdm5BoJ9g,Ramneek Singh,2013-08-29T06:29:00Z,95,372076,450,False
229,UC8faoPBqt4LQBymT8RNUo7w,S√©bastien Bagat,2009-09-06T16:27:20Z,120,2027224,4110,False
230,UCSW2Lz7uZgAV13FZQdCtWYw,blake3one6,2007-02-16T21:25:42Z,1007,28848280,67700,False
231,UCWB-YmICnslQBDcEE9m_SUQ,trakkie1000,2010-03-21T04:44:11Z,8,12496,17,False
232,UCwcrUeljc2qpkEd6xqvoC4A,Vijay Kumar,2011-04-02T21:56:21Z,5,5160,110,False
233,UCYIkDsYBOSp43OkU-kdW25w,Uplifting PostTower,2008-07-30T17:34:47Z,1056,2360337,2090,False
234,UCBWI-ynROTl_jNeHTRPnI7A,Susan Pang,2007-05-09T00:56:15Z,750,764362,604,False
235,UCK4jWIPKlmyUyoL5jbe1puA,Jasna Gara,2007-09-24T19:26:04Z,20,152224,271,False
236,UCgYLm7Oa-SowtuvSa8izWBQ,SimCey - Ceyhun Kocakanat,2013-10-17T15:56:10Z,798,46232430,226000,False
237,UCxvXBzkL4s5HMfy0khkatOg,IstitutoCappellariFe,2012-01-17T12:21:42Z,91,80693,0,True
238,UCyS-uQd1h_s3srTqt-liylg,raleigh white,2010-02-21T17:02:40Z,9,6243,7,False
239,UCGNuA2Fg8X0frfChEhJrHdQ,Eric Breaux,2007-07-14T20:41:30Z,180,2555078,1990,False
240,UCLO_71CwJqM2MhVLxhpoL8g,Trickshot726,2010-08-18T02:27:21Z,188,13816331,17800,False
241,UCAwfXm7ZmoQT5fYhbBjGXvg,moiseemonts77,2007-03-25T08:01:15Z,15,79010,9,False
242,UC_ZY4lz9zqJcrBfBmFf-_nA,Karushi San,2013-07-22T08:48:54Z,2,2085,11,False
243,UCxc9rx9oY5MWO7C8XuUIONg,eboshi2008,2007-09-23T07:35:40Z,0,0,9100,False
244,UC5tU6DGXITzcDpqBqNzXdJw,Renat Agzamov,2010-08-05T04:41:50Z,84,7970570,97600,False
245,UCZFVipGKYQxwwAOYwiIMEyA,Residents96,2012-12-13T18:58:15Z,70,8661101,87900,False
246,UCym_ErZsNpqkrdAvDgspoGA,faithmiracles,2007-06-04T22:58:43Z,18,344501,525,False
247,UC40NTfiV3DMsUbneF6HH53Q,Felipe Roman Sitjar,2008-04-25T15:10:07Z,1,3308,1,False
248,UCSYbLCirM4rm85Xj7fGD-Ig,wgs1955,2010-07-29T22:08:03Z,208,481633,857,False
249,UCFdEMYmiimq2uKmOMaBfPLg,INA Histoire,2012-05-31T14:57:08Z,2555,33720801,134000,False
250,UCR9sm7yi5rvVsTJuzC2qn_Q,OldCat,2011-10-28T14:58:42Z,2,22,50,False
251,UCN_Uniubnrgb2YmgRvDYJIQ,Reconnecting to the Earth,2006-10-11T13:02:29Z,23,34376,44,False
252,UCKXiSBmhHe-ZFJwFokAcO2A,Luci Ray,2011-02-12T22:30:16Z,175,230045,369,False
253,UCOIQrwCGTj_3hdewlVuqdxQ,TerafabGuitare,2013-07-16T18:54:55Z,325,11356096,33200,False
254,UCAxtwo9BaGFtDYO4fOyS2qg,Marvin Price,2010-12-02T04:34:50Z,2880,40018919,53100,False
255,UC4Q34bijQU84lX-I8ahvIEw,GOYO OFF ROAD,2010-11-27T14:37:02Z,165,1172000,1410,False
256,UCDO9YkkFuuz9iGe2XIhYwhg,gofeminin,2013-06-25T08:08:21Z,4068,67163394,101000,False
257,UC7GsR6NwKEy8SmDKRtXdIZw,Carlos Rick,2012-08-10T20:36:40Z,375,20668690,110000,False
258,UCWkkE6ObowGRcCywNsw2C1g,Ph√∫c ƒê·ª©c Nguy·ªÖn,2012-12-06T00:45:34Z,152,1053832,942,False
259,UC1AaN96kgESTBy36Nfaj8tQ,Captain N,2006-04-15T19:31:12Z,127,1783755,946,False
260,UCXPsEBU_BHCMLpGh2Uh2_NA,Vince Choo,2006-06-09T07:30:53Z,173,1336666,1010,False
261,UCJkjyDU_oEMvsSk7ql5FMOg,SamGames,2012-03-11T11:15:52Z,473,368195,1170,False
262,UCCz7LA2yhTOwHTcTgwv37Pg,Infoclima,2010-03-18T19:02:58Z,8965,8198881,15700,False
263,UCKFrD1MP7HtFARafErJs2eg,Kontigo,2014-09-19T11:02:17Z,125,9751273,3030,False
264,UCbG4ZYJ1AAZlSbGRDHUP1YQ,Visually Creative Video,2010-08-06T13:49:48Z,138,196181,0,True
265,UCWIlNOmXhGHXnmZjkAICJXQ,shrinker0313,2010-02-21T16:11:01Z,284,1290639,5610,False
266,UCkeQp-ClM7FAVSu_WFPYg0A,Jauke,2007-06-29T09:43:39Z,1470,3267600,1050,False
267,UCzy7ETKU4ZQStaJqnf9QDhA,Bajavida Bv,2010-10-11T22:57:44Z,41,500195,1640,False
268,UCGYCFw-RMJpylPQsTEVzLfw,TheLugho,2012-04-07T06:40:36Z,4757,265169174,0,True
269,UCPzHmCs_KfWtYWyvEMgn-Bw,videosporalex,2007-11-01T21:46:31Z,422,3413444,1150,False
270,UC4O12pQmRJAyR_GPmAGu1pQ,Mile Kitic,2013-05-23T20:25:08Z,897,496367666,441000,False
271,UCSVgcUvTHfm04KLfO-1ijow,Brian Brandan,2012-07-27T02:55:24Z,2,407,193,False
272,UCdGYCsxWgEHdpR0ayUop-gA,MrUchiha,2009-05-07T22:26:23Z,13,51516,508,False
273,UC_3tWe0VJmm2W0_mX0Lr2vA,HugoRodrigoBiaggio,2010-03-23T13:54:18Z,2,6576,0,False
274,UCWaqnXjOAswBNh5p-aqjtgw,Diferan Production,2012-02-25T03:49:33Z,20,45513,121,False
275,UC5pHsEgqldVaoiaWgVuKqFQ,SOKBenny,2007-05-12T12:48:46Z,3,4080,0,False
276,UCGO8yBktFX2PjDsh8BZ1U5w,Mauro Roots,2010-12-01T16:37:46Z,15,246340,937,False
277,UCsDb4OCZahFOGTEIflJ5l9w,Mihail Nacu,2010-04-15T09:52:10Z,9,51655,44,False
278,UCLpJ_RriBKixFEv-oXXqhfw,nearfielt,2008-06-18T22:47:38Z,74,523743,79,False
279,UCR63NSVAXOhuOThmjiglH4Q,Smokey McPot,2009-01-31T04:47:16Z,45,491797,1850,False
280,UCtpXCdPZZpN_9dE8tZe6Avg,–û–ª–µ–≥ –ì–µ–¥–∑—é–∫,2009-11-19T17:26:33Z,8,45262,11,False
281,UCjCCIO9WUKbVXCUMK2FRwzQ,adazain,2010-09-05T03:41:18Z,3,2348,3,False
282,UCJEPf8YzOQVDDkw1f886jXg,TeamSamuraiX1,2012-02-19T17:08:19Z,2151,111083686,377000,False
283,UCQ6y-mdce53kwAwsvVd8A9Q,Bells CB,2008-07-01T00:19:57Z,2081,5050495,12300,False
284,UC5H8iioT8qY9Jl02SoMsWCw,Pockify - Tech Gadgets,2012-07-28T07:28:32Z,601,4047918,32800,False
285,UCKtHI2QDc5vC5Lawtnh-Mvw,UnclBuck25,2007-06-18T21:19:40Z,30,69150,47,False
286,UClae0X8wy1MN9E7-2WaQncQ,Game Channel,2013-10-31T17:08:53Z,456,8043067,6020,False
287,UCVrNPLdPj-FqkRmrDmFNyaw,napi,2012-10-05T07:50:31Z,127,134915,181,False
288,UCylLFgHKGVyDPp1Z5J3NUwQ,Susanne Starz-Juratli,2012-03-05T06:23:36Z,2,21150,21,False
289,UCnSUAPGgau9NJc8KrDFSpJA,HOMELESSRYDER,2012-07-24T15:54:08Z,187,725100,2840,False
290,UC1JBVquh7RKomHhsevSP2jQ,GatdaD,2010-09-02T05:02:52Z,201,2303357,4230,False
291,UC_PzRdpPeVf6ddzGW4W2gig,DƒÅrznƒ´ca DƒÅrznƒ´ca,2012-02-07T11:22:31Z,50,261366,910,False
292,UCJLUHIhxU3bOu_EcPFyMyhA,FerroDavide,2010-02-10T14:40:48Z,2,4026,6,False
293,UCVCd0Dw5PDTCwimmecTOiww,VTBUnitedLeague,2010-09-15T09:12:44Z,4394,13463189,19700,False
294,UCCsFejxbviSj4fzaD1LPJbg,CircleTreeMedia,2010-05-13T15:53:28Z,191,1614557,1760,False
295,UCMG4zaQpqs7c15Oj__JgbRw,Mono Gallinas,2013-06-27T21:05:59Z,5,22529,507,False
296,UCm8Gg6SGUcBsgErqNuBX5KQ,stregerlady,2007-04-29T05:12:35Z,1,1724,1,False
297,UC2D4uy1mnE98DJP5s1vzn-Q,sato hiro,2011-08-02T01:03:19Z,29,38728,26,False
298,UCSeB1BLJzvsEuInHsXqxEUw,elksabedecp,2012-02-21T15:51:37Z,20,8067,21,False
299,UCsQGy9MZlrT7DBL9tsKamxQ,xS1LV3Rx Eclipse,2013-09-08T06:48:53Z,13,4192,731,False
300,UCHZEnEW9SjSNDRU5Yum6qUQ,mert inci,2012-09-18T07:35:37Z,18,9619,5,False
301,UCPuTZ5Rw171KAILaJDwp1wQ,Twenty3,2012-10-12T19:09:16Z,22,41077,444,False
302,UCVXVfZ5ryrcp1TgxegnpFBw,MechanicalSculptor,2009-11-16T15:09:09Z,21,1321137,4320,False
303,UCTiL1q9YbrVam5nP2xzFTWQ,Suspicious0bservers,2011-05-02T12:42:23Z,4249,158143766,518000,False
304,UCMhZyW4q91QAzBxhj8IX5vA,majorunderscore,2007-02-06T19:28:46Z,282,12064150,3530,False
305,UChHkr2LeEjwBOHWL75LtvYA,Vart vartmaz,2006-08-30T05:49:45Z,43,2093266,3540,False
306,UC787mhTiKSh0iE9PBX6pM4g,mssic1,2009-08-04T17:09:52Z,47,15407,120,False
307,UCEideiopjVaxdQsmAQOXyyQ,L3ŒõM√òN #,2009-03-08T16:35:13Z,4,18511,638,False
308,UCMUlt5fBuiMx_o3_cbo5PDA,3SerasVictoria3,2008-11-18T22:38:34Z,86,4261805,788,False
309,UCjqakGiLMbvQ8FqWQKXsBkQ,StampinClub - unabh. Stampin' Up! Demonstratorin,2011-12-16T09:09:31Z,234,1444018,5130,False
310,UCfvkj-ggeiPT066ByKgg93Q,EMRACOMOfficial,2012-11-11T19:35:05Z,1261,353635616,161000,False
311,UCo2REL5JgQ3v-QqMb1g1lIw,Elevatethesong,2013-03-12T23:21:29Z,52,760328,1100,False
312,UC8bJfF2sVcLW92EcYtQ_Tww,Derrick620,2007-06-22T14:15:50Z,42,435448,47,False
313,UCeQf8mZkzUswAL42uQs84iA,WorldSBK,2006-03-06T02:52:48Z,1977,54801530,179000,False
314,UCeu7XHEbM_aAGm6xP6Hnorw,gearwire,2006-08-09T19:10:12Z,4323,69569871,57100,False
315,UCcE5BQzPpX1eAqX_RjIIqBg,Bernard Bourasseau,2010-12-09T14:05:38Z,15,248661,563,False
316,UC6VdHmorTBm6IGFJrLlFuew,WunderHeuteTV,2007-06-26T06:50:08Z,212,3579807,12000,False
317,UCk2hNgDiYwnxGiVKLAbz36w,fkENGKM,2009-12-15T15:34:57Z,208,1747334,1450,False
318,UCuIJWRaLX6yP9A9SsRgxa7A,Justin Rudd,2006-05-11T03:22:59Z,1428,2337532,1050,False
319,UCcbqSG3k30oHXbFs9cDYvWA,Kammi Neko,2011-04-11T23:23:38Z,82,833154,856,False
320,UCxBYHOQINij4SwdRNczoTaw,Rookiesteam,2006-11-17T21:34:33Z,154,1352517,1600,False
321,UCLINPbYQ9sy6qc-TqtBeVnw,auto motor und sport,2007-08-01T12:40:42Z,3136,197568177,364000,False
322,UCcSeeATlWJJbXpOZRYOfaDg,Mustie1,2007-08-05T21:07:29Z,1450,195194749,525000,False
323,UC6lhT3obp7Yf0iQH4wRLVHw,uma ksr,2009-12-05T05:12:59Z,1,50971,84,False
324,UC-1g6IDDRsReIMnIJKJcc_Q,Neil Saunders,2006-10-09T13:05:52Z,28,8971,10,False
325,UCTDnFFG76UV07OgvMpmD1Tg,RICARDO PENTE PARA TURBINAS SOROCABA SP,2010-01-04T01:24:32Z,1573,54738747,105000,False
326,UCjhRMHxiHQE7RV36e9JeEQg,Sean Lascelles,2010-02-25T14:20:20Z,2,8369,5,False
327,UCAcbfpFAA0k0SPLmZlgWYhA,tupapa69666,2008-01-20T22:39:55Z,10,501833,410,False
328,UCvMyD8ecaYW5glzQF7dgeaA,Susan Dadres,2007-05-21T22:54:02Z,63,67595,20,False
329,UC_ydRj9p48PgpgSwr5SZ89A,BBK Hardmode Entertainment Production,2009-06-10T06:35:26Z,233,4108626,0,True
330,UCphz8ckXEvP7AJ6t-Od0qsg,DJRonnyT,2010-12-15T00:48:25Z,10,3256,2,False
331,UCwLn_5lHFrclLEXbS0ogu5g,‰ΩêËó§‰ªô‰∫∫ÊñáÂºò,2010-01-16T13:56:24Z,79,1759625,1120,False
332,UCtpLbWEaULGAPWBAj9L5_DA,MccomInc,2008-09-03T14:45:29Z,37,83041,63,False
333,UCVbsDKvlrcjyUD50W3pTzSQ,Comics on Comics,2008-03-28T03:59:16Z,96,187328,574,False
334,UC84xfE6pe7GeX_4RxzYVkOA,Brian Sikoff,2006-09-24T16:17:49Z,231,334504,94,False
335,UCDP8SYwrH5oQfxBRo92MODQ,marcosbay,2006-11-25T02:44:12Z,2,6223,12,False
336,UC5kC_Ufdjb6-2Eiiakp2G3A,piuskerala,2012-05-01T13:26:43Z,102,341493,446,False
337,UCHKnKNMXGs9gV7ago_cpHMA,NKatzFilms,2012-04-25T02:50:08Z,36,1031917,2510,False
338,UC6LA4vk3pMxCkogsGWonIKQ,Artem Lutfullin,2006-09-11T15:19:24Z,44,4773104,5160,False
339,UCHzbTUXnKX2gSr3hvXXjxlQ,GizmoTij,2007-03-22T00:21:58Z,160,2574902,3730,False
340,UCJMQxg81E1HwVuD-5I2C3oQ,Caesar0024,2008-05-23T05:56:50Z,34,222768,32,False
341,UCVXA6A5S8ZVDDxk99okt83A,Lucas Oil Off Road,2009-04-16T19:26:19Z,712,7518043,21000,False
342,UCuxuwpbLsno1XGmEWMQNe4Q,Katie Forsberg,2007-05-20T02:19:24Z,68,24548,32,False
343,UCYB_7AvhPxs4zl1FbzoJhtA,Danny Pyle,2012-07-26T05:45:22Z,8,55169,31,False
344,UCS8ObvH1f2kNixDfMFsf5_A,1990JML,2010-09-21T05:12:18Z,64,170617,339,False
345,UCECHoIdLDF53V_jrd5nsgvQ,Stand As A Heron Studios,2014-08-05T09:33:44Z,90,326146,204,False
346,UCCbc9GxE0TmCoSWqImckHwg,NashoLimon,2015-04-17T23:08:00Z,754,26873397,232000,False
347,UCdh2Jy5YksUCH6GwyxBgogg,asek caerbah,2011-11-30T17:17:25Z,55,310580,135,False
348,UCSb7YDVK3vGTMfhPqtGmA1w,FND_games,2006-10-13T00:28:44Z,528,532402,409,False
349,UC8Nl48FBZkPnTfmEMVFv2Aw,Ti√™n H·ªì Th·ªßy,2014-03-28T12:52:18Z,7,19545,35,False
350,UCqLfp0G9bGnQ9J-LEL9kYZQ,Gerson Dias,2010-11-29T21:47:05Z,68,507340,943,False
351,UC45lYuHP59jXCqhzNdc-khQ,jonolfc1,2010-04-04T19:40:10Z,3,535370,56,False
352,UC_eg49ESVr7tnxgA1LdR-4w,Schranz Weiberl,2008-02-16T22:37:06Z,10,1923,2,False
353,UCbh8eWQ83qZxKkfUbyKEIDA,THESNEAKERADDICT,2010-10-26T12:08:14Z,4384,48135583,182000,False
354,UCBriYsje-d_72dqxHqLtf8Q,QuickVFX,2012-01-30T14:30:40Z,237,7999479,46500,False
355,UCbCL_dS_4KjCJ8NKry0wwJQ,wineriff,2010-03-21T22:29:27Z,44,536014,1170,False
356,UCsZeySV9FGu3X9_PN9hpWJA,Jordy Diaz,2010-09-06T00:54:41Z,75,556994,518,False
357,UC4di-od7AQJbMyuDO_upb6Q,TTG,2012-07-02T23:32:15Z,5,59584,86,False
358,UCn6-nwl1LgAjDmGbbR5b_6w,Vitoria Galdino,2012-09-01T20:54:36Z,9,25049,35,False
359,UChNmE5O9AIC0WJjb9I4rYLg,Sarah Kamp,2008-10-08T00:45:17Z,18,28643,1,False
360,UCxkmL8rM9nw-EUW7DbruBSw,N·∫•u M√≥n Ngon M·ªói Ng√†y,2013-10-15T05:58:38Z,251,7399565,16300,False
361,UCA8817rO9pBK7Um7OKG-zkA,CrystalClear400,2012-01-06T04:00:57Z,24,30409,170,False
362,UCzv9126bAWtkrO0qM-usKfA,Johnnylove15,2011-07-20T15:27:06Z,171,707815,670,False
363,UCdz0-84R-w9-bBUII0U_P6w,Èô≥ËÄÄÂ∫≠,2006-08-06T14:08:15Z,363,98617,222,False
364,UCuWcjpKbIDAbZfHoru1toFg,GTA Series Videos,2007-08-26T01:44:50Z,5203,1755875855,3240000,False
365,UCa7LezACJkW0e7RlXo8VfXw,Ryan Stroup,2006-02-28T15:03:54Z,410,7700712,11200,False
366,UCS6HNpDJeLwmFa8iwdEAQVg,Black Budget,2011-02-20T18:27:27Z,107,1155715,8580,False
367,UCPeqv6ycK5Sa0Hli0n0wPsg,Lfcfans Corner,2012-06-01T20:30:25Z,11,432332,574,False
368,UCjvbYiLBW_s9ktY2SIBzHRg,Natalia Barbu,2011-07-20T06:13:21Z,53,1372670,2990,False
369,UCZHLRbXylR-x2wU-kp65nTA,Hammad,2006-10-22T17:04:53Z,11,1152631,1280,False
370,UCOyx6C8ct8wI1IFClQC7S3g,TheSeiferOne,2006-12-16T13:29:28Z,43,30521,22,False
371,UC2ZB5-Fgacw_0vTp-8gUWUw,John Floyd Sr.,2011-10-08T12:53:28Z,97,26432,49,False
372,UCXFsqgD5tcqwiRAD9Nw88pQ,9431naruto,2011-06-12T09:15:42Z,7,22210,26,False
373,UCTD5RhYO-SNPVWtJZdQoKOw,insidewrestling,2007-09-09T04:24:20Z,107,188586,225,False
374,UCz_sKjgVE53fvJSkXsZ2F4A,chevereradiotv,2007-07-31T15:19:20Z,35,1030807,538,False
375,UCExJ7v6NM74ke48mAKKdcXg,tonygiugliano,2008-12-16T19:14:04Z,10,8127,10,False
376,UCXCM24Hc7T-tdDnBcvyJQgA,yakulk,2010-05-29T21:14:22Z,3,46842,61,False
377,UCYX169KoQ8BveVQ8CIi3mFQ,CHINACPAA,2008-08-26T02:44:38Z,29,27625,54,False
378,UCTv-XvfzLX3i4IGWAm4sbmA,LaLiga Santander,2006-07-13T23:41:14Z,36239,1815508903,6620000,False
379,UCYRRKA07mLG8fpkDqhJXZAg,Turtlediary,2012-05-01T06:04:48Z,425,105013856,222000,False
380,UC0NuyXHym-Oatwfpab2LAMA,Dod√¥ Sheen,2009-07-02T19:15:20Z,640,35436647,56400,False
381,UCP0hHZRg87pWVJCOgueslmw,Goat Milk Stuff,2010-04-09T16:34:00Z,489,19537250,43100,False
382,UCI1q-BRy1m5YT87DUyFyUQg,Abbey Sullivan,2012-12-23T22:34:52Z,20,10437,6,False
383,UCvpTHwinUOwXS9TfSz4LEEg,depoot1,2009-06-30T15:38:55Z,2,56985,28,False
384,UCOtMIE18ug3jX70PSmdz8kA,Kerry Williams,2009-11-09T20:23:09Z,28,244579,110,False
385,UC9v5r_aHplJ7dHegXaeulAA,Adam Keresztes,2006-07-06T12:34:44Z,13,532107,314,False
386,UC-iuonKZZC9krPa-RpwMO9w,Fritz Studer AG,2013-12-02T13:37:08Z,56,206829,1460,False
387,UCazFRHqhI2ql16hePyTVNng,DeAPlaneta,2011-01-19T10:50:43Z,724,43812615,36700,False
388,UCBoR0Yu5hqiGEJdYM8nRT0g,TheChiliGuys,2010-02-14T15:54:09Z,61,127688,328,False
389,UCI-Oq7oFGakzSzHFlTtsUsQ,ESNEWS,2006-11-11T17:24:18Z,103944,895678986,596000,False
390,UCEKSOXh7GGPbTtr6viRUI5A,Ande Becker,2008-06-17T15:49:31Z,21,224275,175,False
391,UCNEiwm4i-qmILrmG9XDzcrA,Gesiel Leachi de Arruda Mota,2011-01-11T00:28:01Z,137,184340,326,False
392,UCRvCWWrrL43n2aOD1jPu4sw,clovergirl2013,2008-06-20T16:36:44Z,3,20861,150,False
393,UCAbdtc3JlwVH-s4Dg-jnPrw,bckillick,2008-09-22T03:36:56Z,848,664006,434,False
394,UC5oRfIfcuPX0F9PjIpPa7YQ,Scarlett Appel,2012-12-20T23:23:01Z,62,1366785,1740,False
395,UCCc5t3tYj-fKc90BwGVblSA,AznDevestation,2008-02-22T20:00:18Z,1,61957,12,False
396,UC-zEBxX9Xzun4mli2ArKjjQ,the_FUEGO_,2008-06-04T06:46:03Z,1,17463,22,False
397,UC2khVqh0WQxLC4b6rLcnl9g,Olli Brettmann,2009-04-08T14:48:17Z,71,131626,114,False
398,UC1cIGhTo0WiOp0VRAglCaSA,Tv kids Zone,2011-12-08T08:05:01Z,5,19275159,282000,False
399,UCvZL5CwtJt_I5dI15AeHy-w,ÂÆ∂Â∫≠Áî®ËÑ±ÊØõÂô®ÊØîËºÉÁ∑èÂêàÁ†îÁ©∂ÊâÄ,2013-07-18T08:12:55Z,27,25399,19,False
400,UCUNmR55jFF7o0u4oVqoXCsg,huskydesign,2011-02-02T12:06:18Z,1,779426,224,False
401,UChPBqNUzjWkU3uGra_S0log,remilus,2006-12-06T17:31:10Z,64,871718,158,False
402,UC8OOMKporuqEBJZ8uf7fAsw,FrasSpaz,2006-04-05T04:08:13Z,252,61032,110,False
403,UCZfogiS6Mf27r53CLJJehLQ,Lauren Airshows,2007-06-01T23:33:05Z,52,114415,1060,False
404,UCwyXamwtzfDIvRjEFcqNmSw,Tom Avery Tennis - CTW Academy,2009-08-25T17:29:03Z,518,11802729,55400,False
405,UCETKopbJ3g1KlZVAvaw7dUw,Luigino Bracci Roa - Situaci√≥n en Venezuela,2015-02-05T02:22:50Z,7751,79253824,187000,False
406,UCMf8mzKBLR9uaQKUMbRdr1g,No.1 Centrum Edukacyjne,2009-08-04T10:32:59Z,41,2130961,12200,False
407,UCKZ0P5KGj32fvuKS8pwzbFQ,Ricardo,2009-10-23T22:36:55Z,46,105122,211,False
408,UCMc5gfr6_RSpNAKjiQf_xZg,sitongyoudi,2009-01-06T09:58:08Z,1,190517,6,False
409,UCYHKWbpx6eX_ydppBcOIOng,U.C. Sampdoria,2006-03-10T13:25:20Z,3251,22795071,44300,False
410,UCFuBDJYsra9hg4YiLxjobEQ,u15,2006-08-24T23:49:16Z,569,19947694,40000,False
411,UCdAiIwrJ3F8cKdC0H5vZjsw,fsamjee,2010-11-06T02:57:30Z,8,29646,27,False
412,UC_qModsQsEozKSO1u6XbYsw,Rifaidate.it,2013-10-01T09:47:35Z,218,33296807,80700,False
413,UC2JqhLQPIghWC6wLXYWYWow,AQWorlds10100,2013-05-11T00:22:26Z,39,383286,1680,False
414,UC9-Gf8yxR0eqECaBRjpGiNQ,Bogdan Saperov,2011-01-16T18:08:49Z,62,1590380,483,False
415,UCLU580lMb6AGMlu85TfGmMA,N. Ripski - Red Jade Martial Arts,2008-05-23T01:02:59Z,326,1542576,5070,False
416,UCzcLeFkKzrPWQGDLiF9-6MA,autoesportebrasil,2009-01-08T01:25:23Z,4,187531,203,False
417,UC0N_fyvf9fnDv6V_kdK2jHg,LaffHoleVideo,2011-06-07T15:28:58Z,12,337595,111,False
418,UClZsfG_SfyBAGaafLxymoVA,KostanRyuk,2011-11-04T18:51:35Z,22,460385,2790,False
419,UCNylwDpBH_yziJ6VbJMIZ_Q,Consul,2010-06-23T18:33:41Z,358,196699228,87100,False
420,UCDCZa9Yt64NX1_eWa-HNDhw,Driewer,2007-10-30T03:11:37Z,19,97760,754,False
421,UCKa8-ht-gbMxHFgQVuCgG3Q,MrColonelReb,2006-08-29T00:20:27Z,3,63611,5,False
422,UC9bAont0I2B1RJVYEHeX_qw,ruudboymans,2010-09-29T20:37:49Z,4,23285,8,False
423,UCPcE_Bp5kaopWuZ59zsvqvQ,ANWAR RASOOLI,2010-10-19T09:07:44Z,508,230573,414,False
424,UCjjXSlYkhse4uaXmq5lwlQA,johannl25,2009-09-02T20:34:00Z,62,143708,90,False
425,UCe4iMXmL24pauN6SC_8AGYg,miele29,2008-10-26T23:48:24Z,66,34145,24,False
426,UCdV5g3jVn-sTw1VgULj0EfA,Buster Videos,2011-06-11T14:21:28Z,9,451325,360,False
427,UCzC-pzvjHz9Nj4KgkPvtD7Q,KiLLeR BaBa,2013-07-06T12:15:51Z,707,1594218,10500,False
428,UCVXcohmX3PIsbc0Djrr_dZw,Emad Uddin,2014-12-05T23:51:17Z,1,170,1310,False
429,UCt5nMEki451pwJrO_4OhIsA,badawi farra,2008-04-26T20:49:45Z,48,811188,293,False
430,UCK_zmTIJCyKTGnlXdSKKvcA,mxx,2006-03-17T12:02:19Z,62,1302722,663,False
431,UCmsO3CyGDSgi1-XhkVns3TA,Oakelfish,2010-05-31T00:36:06Z,2007,107683478,538000,False
432,UCS8Oy03UZuvCL4jNvzgLHXA,lynnlegolas,2011-05-11T14:58:41Z,20,36572,4,False
433,UCTVC4jP5RceBX_qSvFTwizg,hatofo,2006-09-21T09:44:31Z,0,0,91,False
434,UCunJeWziKeN41EqEHoJfzDA,Rawsomehealthy,2012-02-14T10:16:12Z,558,11141547,48500,False
435,UCqDNFlsAGhGrwGnFMrNaACw,Nattapong Paitoon,2010-10-20T14:46:34Z,1,9392,10,False
436,UCWRosBEZSnIyvsV1yHrk97w,kevin88318,2011-02-17T22:01:03Z,24,416598,511,False
437,UCIiRSZloKxBXCU6u3cAfg1A,Jean Dominicus,2010-04-08T16:39:50Z,7,14787,19,False
438,UCdPyAsYflQVKjGFjT5ZrJ3Q,Mitsubishi CoupalBrassard,2012-08-30T15:40:09Z,7,41994,22,False
439,UCDLHEEfT71h6GBQDpTGGyDA,GenteMotori,2008-01-22T17:08:06Z,561,5606731,6060,False
440,UCe5-2h1sTwR4F5cWrupuQ2A,jamdogs,2006-10-31T03:47:57Z,23,8695,5,False
441,UCIl0UtYEi5BWJmpCouaAU-w,Ridiculous TV,2012-07-10T13:51:36Z,1,368,4690,False
442,UCkXEPd0bVvOlEVXlIuIWCQg,TheRideUnion BMX,2013-03-07T23:38:31Z,262,10453979,105000,False
443,UC1LVhxuYxOdBaX8iEaErylg,My CookSpace,2013-12-14T23:19:28Z,11,134988,529,False
444,UCjNFxOkOT6d2gPpXh4ecvOQ,benchwarmer0007,2009-11-04T14:59:29Z,0,0,72,False
445,UCIjpoZ2hD7qUDmKMOzRU_ag,jeanphilippesalon,2006-12-05T16:01:05Z,9,76426,22,False
446,UCos81LHdCNhZWn7CYFPEysg,cassio brito,2011-05-16T23:34:47Z,5,11585,12,False
447,UCJlXjjGnGysAe3LRq6NWfxg,PrettyBrownDelta,2009-12-22T00:11:23Z,37,143013,409,False
448,UCc9zA_V3pbPux4c9ngKwMMQ,FutureCavalier13,2011-03-01T18:40:14Z,44,779855,1230,False
449,UCbYQWsGwpxrmbP7VpRINM9Q,costaverdehotel,2012-04-21T15:12:44Z,1,8330,4,False
450,UCJaPR4kL_Y2olCCOgU3TS4A,10MegamanEXE,2009-07-04T05:26:30Z,51,71580,21,False
451,UC89o5O4MacqEEK7j--UJAOQ,Neetje 404,2007-10-29T18:38:16Z,0,0,0,True
452,UCPgUOEE12K_Ku8EYXEjcVYg,abv1001,2008-01-28T03:36:35Z,20,115673,32,False
453,UCIzbYH4cwPZ7XRSBvtVoWzw,Chipotae,2012-01-01T12:54:41Z,5,40851,61,False
454,UChMkPgagIDBzN9VFJNDuvYg,Le Loir-et-Cher,2011-10-03T17:02:17Z,586,714093,2210,False
455,UCnYvIsMJm5-ulb5-VOdSk2Q,gabrielacusinato,2009-11-07T23:22:08Z,92,37079,16,False
456,UCB3Rc71N4FReiNE_IOtzoLA,Dj Tutis,2007-10-09T18:11:28Z,677,17502815,15100,False
457,UCP-fzpy8_36RSEv22CFqZUA,MarioVsSonicSite,2011-06-07T17:48:47Z,119,3936036,1410,False
458,UCcHmf8is3Oct4LV2KCHehhg,J.Rob The Chief,2010-11-03T23:36:29Z,100,733029,4810,False
459,UC2LFjIOL8mNSF2kxXkqHGBQ,Donkie737,2007-03-24T16:22:50Z,4,31869,3,False
460,UCxWVvknNtioCKy0ADYV_1VQ,Jujef SH,2008-09-30T14:31:47Z,270,801358,576,False
461,UC-PkBTL6H7MwKrMYkOI3sRw,xposurevids,2011-01-25T15:41:23Z,49,25342,14,False
462,UCgTjPatXdSA5V0GDjBZh7pQ,rallyro,2007-02-23T20:29:55Z,247,1027236,129,False
463,UCWsr56sq5GBeikcLlBIvSpw,XCleoBVBX,2012-08-10T19:18:47Z,7,1689,21,False
464,UCx_jxl-J4SSi81SQ_myy9xA,Luck k,2013-03-31T00:54:47Z,13,4775,3,False
465,UCvueeIpQ6l5BlyzUTWY13eQ,Cut Copy,2010-06-16T22:14:24Z,37,15801153,24100,False
466,UCUjcrwk5MFPfYbQ4XZptf1A,xegabes,2008-03-10T03:17:57Z,74,710297,920,False
467,UCImYogn-FXSu5nlVHx4GUhw,Paul Cavel,2009-09-07T02:50:39Z,44,450975,2790,False
468,UCpuAPXDuJKe5fAuSLCG8LDg,Volcom,2006-11-30T19:12:23Z,2261,45848239,180000,False
469,UCzEcHV6aIUco6EaMd-dVP_A,CORO NACIONAL IDDP,2013-06-08T21:04:47Z,226,228670,1140,False
470,UCmIIBhzBfzoAt51zqdun_6g,Moto.it,2007-11-19T13:41:11Z,3324,126886847,274000,False
471,UCGdZKY7dD8H2Ecsq9__xeqQ,Ed Fisher,2007-03-17T19:48:22Z,381,3282641,1690,False
472,UCsMp4t_y0m_T9tXGGWjMOyg,RAMIRO CM,2013-09-29T00:14:07Z,2,2583,7,False
473,UCxH3W8AsCCHAnjL0ckn4M1w,breakoutlyts,2007-03-25T15:37:26Z,13,63717,15,False
474,UCWNx-3LmYfa45rwgVPoz5JQ,Plong√©e Tek Marseille,2007-06-04T11:45:35Z,40,93733,456,False
475,UCpKnbXIIl9ud9dYYQ8S-dqA,MrJallu101,2011-06-09T17:43:30Z,538,69958750,215000,False
476,UCuCuwcyEA7nuRmsvDKXPsdw,G++,2007-01-22T22:42:06Z,20,983518,233,False
477,UCUrr00OKh4SMieOvD9lkyQQ,MJK japan,2011-11-10T23:49:57Z,0,0,102,False
478,UC-o0hItpSKg5ZtuXAh_4rEg,GNROSAS,2006-06-19T02:51:29Z,43,306345,137,False
479,UC4vbiZMU_yrheYVZH393-Zw,RolandChannel,2008-06-12T13:19:16Z,1589,91760290,0,True
480,UCui2MpemP6NouHLEap5jzrg,PerformanceUnlmtd,2008-09-30T19:12:04Z,54,206261,204,False
481,UCF9C9nAU1MT4UzkfRjwJLMQ,kishor kumar Warde,2011-06-19T17:55:36Z,5,13907,39,False
482,UClY-p9bQkEjmZvwYZtoLT5Q,Tina Marie,2012-10-04T03:58:37Z,1671,6857048,44400,False
483,UCbNcN2DvPOwewfNK3bcodcg,Flavio Castro Imoveis,2011-08-03T16:48:45Z,1067,12044484,36600,False
484,UCsavg5T0Jlxkcp2eD8krBAw,Cristian Rosales,2011-12-04T20:29:27Z,27,1241458,1990,False
485,UCuf2GsZmHGEx0rYsWnZM6HQ,◊ê◊ï◊î◊ì ◊©◊®◊í◊ê◊ô - ◊î◊¢◊®◊ï◊• ◊î◊®◊©◊û◊ô,2012-01-30T07:50:53Z,11,2106285,6180,False
486,UChd8xWG_wsGStscuoouwQDw,Kleber Y,2009-07-23T11:12:48Z,2089,9800175,4850,False
487,UCLKkGgvbJkmVEYPNsbXWbwQ,ingenieriajrm,2009-04-24T18:31:44Z,16,303391,75,False
488,UC3CZydI1jQqZlSUJs_OKv4w,Chris Brandvik,2008-06-21T21:25:00Z,1,128,66,False
489,UCEoUhirnLHXdsLNuY4t67bQ,kiddroom,2006-11-04T09:30:17Z,38,649320,46,False
490,UC2B4vSWQA1yPFT1BnGdwv-A,Lao Pho,2006-07-25T21:46:41Z,93,302145,41,False
491,UC8y7LKPzQYlQDRifRnmAR9g,FierceBlokesMelb,2010-02-23T08:42:28Z,1,1498,1,False
492,UCNbOZesinLAZHeYPEUakqxA,friendlee,2006-03-19T01:42:57Z,15,10528,21,False
493,UCrcB0DHc-tIW9GBRp21C7CQ,Ken C,2007-04-29T14:38:50Z,201,399937,668,False
494,UCVSj-a8oGFDMTPnu9Dw5zhA,Gamersoftheworld,2008-01-11T23:43:40Z,3,1378,1,False
495,UC0AFnSo40mMrYgetcpB4Yng,tomy0831,2009-08-14T06:54:20Z,11,323354,123,False
496,UC7NszqtDGyVuQuxUEAN_n2Q,Rajshri Marathi,2009-04-30T07:50:01Z,12160,1409274216,3060000,False
497,UCGeRki7JHKEhk27epcAJraQ,madebychevron,2010-03-14T21:49:18Z,8,261043,31,False
498,UCLFXVxKZAdv-D5t6rhHKE3g,Flex-A-Lite,2010-04-18T23:29:14Z,24,1054689,3370,False
499,UCQzY3ru491eWtBpkrmI8bGw,ThisIsKriticalGaming,2012-03-05T17:00:00Z,14,17081,206,False
500,UCbwkJES4SHCA3Rue1gth8Tw,horsemadjulia,2011-06-03T09:07:14Z,48,28716,34,False
501,UCYySQPwTcBoksOwDuWN2jug,Linus Carlsson,2007-09-29T09:48:49Z,7,6147,0,False
502,UCxt0Y4ZBRSBsjZU51twjrbQ,Victor Cnockaert,2010-07-12T13:21:38Z,36,25726,77,False
503,UCVmqfvWsKeFaMGY68CbcVVQ,ChannelFireball,2009-03-14T03:19:22Z,21173,227526981,164000,False
504,UCi5zjw6jW3wcn2WVTLmUwGQ,Qwerty man,2006-04-28T22:25:53Z,14,493212,246,False
505,UC_b2Ki-qn-k-Uk5o4DewJZw,sweetmochi12,2008-01-08T02:41:11Z,9,83875,90,False
506,UCBi2mrWuNuyYy4gbM6fU18Q,ABC News,2006-08-07T23:12:21Z,58950,9564675286,11300000,False
507,UCpHzuU5P4RYHZ6FYM65-B7Q,Chicago & LA Diamond Trio,2011-06-13T15:08:39Z,6,24913,37,False
508,UCaGRdIhs2JvsV86sfmQ77Uw,Sasha315,2006-12-15T15:19:09Z,9,67828,47,False
509,UCf4HHMwHEikpsEw8h1lEpGA,Aranguren Televisi√≥n,2009-04-27T13:02:25Z,1195,1093625,1410,False
510,UCpLo12cNyaf98rL6X8m6DCw,rizzle_d,2007-12-21T11:50:21Z,210,4041003,3180,False
511,UCyRDvl5au7MCMmu6iFUHAPw,TV4,2006-08-10T17:53:09Z,8724,463930779,261000,False
512,UCJd905SWgtBm3KKWHqo7jQQ,bosio774,2012-12-07T04:57:03Z,22,28603,11,False
513,UC1vbTCUQ532eX7-WiHSlPNw,gespierdespijker1993,2009-04-06T16:32:53Z,21,238645,102,False
514,UCjM6W66mhtWbV9MQt5DdMWA,NeonPhoenix,2009-10-09T16:29:32Z,14,136659,571,False
515,UCckhD29vIoA305hv7B45b_w,revisfan24,2009-12-25T00:54:20Z,169,119649,61,False
516,UCkFSNF7Ud7nubexBE2u4B5Q,hassan936,2008-10-28T09:48:00Z,0,0,717,False
517,UCwKkpawiRfLYtUWnRFNMMqg,Tailnic,2007-10-19T14:55:16Z,1580,813495,1650,False
518,UCLHVyZuURuPVDhDc8RvZkGw,Ismael Alejandro Figueroa,2007-06-08T15:20:29Z,13,25603,13,False
519,UCOIZG2MYtCNR5Z1kMI0wY9Q,Cole Sawyer,2008-01-21T04:30:13Z,80,201418,142,False
520,UCW-xv2J5YgzpjPRm1UHNHuA,AutoInform,2009-11-24T15:27:13Z,162,3303804,9490,False
521,UCM87UTpuYbXN1g9NEL25PfA,–í –ú–∞–∫–µ–µ–≤–∫–µ - VMakeevke.COM,2012-05-22T19:42:06Z,1746,8664277,0,True
522,UC2YNdVM5r0tYGZTEnpzk_HA,playlikechamp26,2011-07-10T19:21:19Z,6,11507,0,False
523,UCwOoWzyXr96Xi9TLKhTiPrA,4949sasasa,2012-10-06T13:37:15Z,12,1524137,705,False
524,UCr9BUVSvVmC6N1FNjXTzdcw,Battle X On,2006-05-12T20:58:58Z,1000,6499682,7060,False
525,UCppHT7SZKKvar4Oc9J4oljQ,Zee TV,2005-12-11T06:23:26Z,53951,9529003150,57600000,False
526,UCJIPobU02UmQ33es6ntCH8w,Fritz Zamy,2007-01-10T21:45:38Z,304,380389,640,False
527,UCns92rcso91zDiT-6I0RkOg,leierogura,2010-03-31T08:53:56Z,92,160950,303,False
528,UCResFVv9L3bWYmzBnpFPxAg,George Possley,2010-02-25T01:32:13Z,3276,12341711,16500,False
529,UCkxBtnCrCO_aN689SyVRS2w,greenoak1,2007-01-14T04:55:44Z,101,90744,403,False
530,UCwHn3uh48gjEczPtzV8LJ9w,TCC,2010-03-20T14:14:01Z,64,8966191,10900,False
531,UCevEhPt0ipo-0BJTymdNPRA,ÈâÑÈÅìÁéãÂãïÁîª„ÉÅ„É£„É≥„Éç„É´,2010-09-06T12:32:01Z,646,17758306,37100,False
532,UCVPz_nauEJpqPxxvYiOpCHQ,„Ç´„Ç∫„ÉÅ„É£„É≥„Éç„É´/Kazu Channel,2010-06-04T09:00:08Z,2427,904430354,1860000,False
533,UCF39B21wzKN4cV0S_8rCJbg,Coopers Brewery,2010-08-16T01:25:39Z,181,3332769,9480,False
534,UCOO67sI3yJShaF1aqFyCY1w,gamezplay,2006-05-15T10:51:19Z,16952,106619378,49000,False
535,UCbfAlp8HDkf3a-lliQ9KD3w,CORVAIRWILD,2006-10-25T12:40:14Z,10367,23837623,14900,False
536,UC0iFM-n9uJUxu1Fxjr1py8w,Amaury Cortez,2010-02-26T18:40:42Z,240,574074,103,False
537,UCkm8F_EkiAvMoomXS4brvjA,apsaravideo,2007-04-02T05:24:09Z,4199,59965262,0,True
538,UC8LaXDkRog0v23ctTm9-6mQ,Andres Rojas,2011-04-28T23:59:55Z,16,17921,62,False
539,UCndLWRIilWm16aSlnlinywg,nicky pc,2013-04-02T20:48:03Z,57,883751,2170,False
540,UCaPrFuNLsxMIr6Vwys5Xu7w,Celebrity Cricket League (CCL),2005-12-27T14:58:17Z,4701,662309567,2050000,False
541,UCwP2MQ-Yf_UTVw8_Izj9eyA,MrHondaful,2009-05-18T16:10:27Z,82,409341,304,False
542,UCzgS81NwZgRfu3ov-DzfSyA,Mikentroller,2013-02-16T19:10:53Z,88,12124357,2080,False
543,UChxX1rBXlPYA-nc4yO_N4jQ,samuel rodrigues,2009-09-07T04:15:24Z,19,9729,24,False
544,UCBiijTQJVImfSpUgaAcfYJQ,Jeffrey Jones,2013-09-13T14:29:58Z,9,3606,3,False
545,UCSW6T_4ZHlE6Zv-ulX75Kvw,rap dos games,2014-07-17T11:17:22Z,13,249219,1920,False
546,UCBpkfc-8l7XCR730uSMnWhg,olenkzz,2007-12-10T03:33:00Z,9,196072,201,False
547,UCp0N6cE6SxQE3McpZn4EwMA,ItsKaola,2007-03-15T18:32:21Z,13,319133,14,False
548,UCG9vnnKTvqgMM_TWYV7sc2w,Maya and Alex,2009-09-11T13:18:29Z,897,13037941,14800,False
549,UCQud3hTkdYw5d8pLPrIvy4g,BrokenCosplayers,2013-01-30T19:54:55Z,33,166314,1310,False
550,UCc4FImYfkkCURiyT2J8Q6xw,killerkiwijuice,2010-08-04T16:02:26Z,23,237367,673,False
551,UC21NEZr0ee7b5fOKuT9DPLQ,Selva Marine,2012-02-10T21:47:44Z,8,108996,388,False
552,UCzIrWDTXvdZfmM94j1BmPzQ,Martin Mru≈°koviƒç,2007-11-23T13:40:47Z,6,7233,8,False
553,UCabxmwQBAo_Cehq5nbnA8tw,sasebogc10,2011-09-26T11:54:23Z,541,12053770,10300,False
554,UC9y1hU8lnLW8lEx6X7dnRoQ,„ÇÑ„Åü„Å¶„Å§Yata-Tetsu,2012-08-09T01:29:55Z,972,18166557,20900,False
555,UC1V2jF0MhG16OYUYDxr762Q,fenixraider2302,2012-11-28T17:44:40Z,8,35265,28,False
556,UCJxywJ13-2au1aEFpYxD-nA,Malayali Biscoot,2013-10-11T11:48:16Z,3029,47796660,109000,False
557,UCylqbSK89ay23kRE_8eD5hg,Rio RIFFALL,2009-04-19T08:21:13Z,153,1583166,4420,False
558,UCyigfVzgsmfecWMvCSt175g,Carlos Buetas,2006-05-09T00:36:28Z,369,462497,140,False
559,UCR_OJfVPguyW3PqdKBKLnKg,–†–µ—Ü–µ–ø—Ç—ã I –ö—É–ª–∏–Ω–∞—Ä–Ω—ã–π –∫–∞–Ω–∞–ª,2014-02-07T21:27:14Z,108,863805,6330,False
560,UCRMuTG_6XkHpwMXYuN3C6XQ,–¢–û–ü –ü–û–ß–ï–ú–£ –ö–ê–ö,2014-05-07T21:14:39Z,33,201515,2180,False
561,UCHXrugYHsgDyGlgNReOCuEQ,UD,2012-11-03T06:37:56Z,14,12154,27,False
562,UCGog6mnXBiYYfgYDkJVwimw,zeus9931,2010-02-27T08:27:46Z,476,1187809,1100,False
563,UCYTNPItpJ4cZbBbJ4YG0M-w,BhNoob360,2012-12-26T21:09:47Z,4,14841,23,False
564,UCGZHG3Tdr0T8YWZ7Ac8TIYg,Cataldo Albano,2011-12-12T17:36:29Z,28,20588,16,False
565,UCV0Q5XoDann5uLJDkUjJ7Lw,Mary Doodles,2006-09-17T19:29:01Z,352,36946283,404000,False
566,UCwfqkxgLt969ASXveL7DMIA,TheGamersOfficial,2010-06-12T14:06:19Z,681,6861218,13300,False
567,UCqtaybBSAYm7EFLtkjG3A2g,gorankudasai,2007-06-19T15:10:58Z,98,168986,11,False
568,UCzqrEcpPii6BiuoQ-_V2Exg,rugbyboy775,2007-10-09T17:04:10Z,2,31090,5,False
569,UC6ixzODPAdgVdY9aoSlPPew,Everyday Health,2009-12-23T19:34:50Z,1522,35293300,169000,False
570,UC3qWfVhOXpqpqWasZ5qsf0A,Canongang,2009-06-25T08:03:16Z,353,1054027,3890,False
571,UC_mSz_GpWz2ElEVJW4EGkgg,PIXELTEN,2013-12-19T23:29:25Z,73,531230,3100,False
572,UCPVM3AXNxlKuozNuzZWFIrw,lowmanslyrics,2007-06-17T12:15:56Z,10,231898,21,False
573,UCMaooTVPbDVoIwhQuQqyfUQ,Nick Starr-Street,2006-02-28T14:31:34Z,133,788243,317,False
574,UCa-oary40kq9LcnB7DL_NvQ,Mordoooor,2008-05-08T17:05:08Z,11,171898,26,False
575,UCgzIB9ZOzdsjdk2YmyIN4hg,NeverGiveUp Company,2015-01-16T09:11:25Z,27,457120,888,False
576,UCZkvqGJJn59qr6Z-RjbG8_Q,Griffin McElroy,2007-02-21T04:33:41Z,3,192838,20300,False
577,UCJzxApjhAysydtv2dqAYtMA,Lime-IMC,2007-12-29T19:04:15Z,0,0,116,False
578,UCofrfqvUR3F-0vAD30US6tw,K- stream,2014-04-19T08:00:56Z,85,210713,726,False
579,UC951hA3MLyjMNck7dHXf8MQ,David Estrada,2008-10-08T20:03:37Z,166,1722384,639,False
580,UCFat2Ihn5mA2ZvFuroyOGwg,„Åî„ÅØ„Çì„ÅØÂ§ßÁõõ„Çä„Åß„Çà„Çç„ÅôÔºÅ,2014-05-24T20:50:58Z,1009,16483626,55100,False
581,UCcVBJaGDAsYjXEy81G9Nq8w,Miki Al√≥s,2010-10-18T19:03:38Z,8,8801,16,False
582,UC53Bg53OBx6JVWFmh5kYWSw,djFOOLEG,2009-12-17T20:57:19Z,72,525660,248,False
583,UCsp6H-PcjKT1xuQDzED68hQ,Calixto Nascimento,2013-06-06T15:59:58Z,13,252930,378,False
584,UCTAK2aYsvkWANoStaDTATzA,greenlightgamer,2009-05-28T23:30:33Z,40,101393,49,False
585,UCp1HdTRbbrT06mIOnECcp9A,DavidMarco,2012-12-18T10:15:25Z,109,95716,1130,False
586,UCuDyNjro5X_cksrM79O-Jow,samyzzcocizz,2010-04-18T20:22:08Z,20,50589,19,False
587,UCTCkpwzbaazKvVK0YNoXo1g,Lock Haven University,2013-09-24T18:55:17Z,37,22922,175,False
588,UC_7v7W1BNwEVvHyQIb9-oLw,Covert Skyline,2010-09-14T08:39:22Z,24,228042,238,False
589,UCQpfkhb91g8spc2o2SUOzFA,MCSTUDIOBN,2008-08-05T10:49:45Z,167,68469474,72300,False
590,UCFSCGsVY8zJHy9toajXDlsA,cranetvart,2011-07-27T09:50:30Z,91,775759,3980,False
591,UCuRfFw0PUpdYq59ooOAnu8g,neuroorthoinstitute,2007-08-01T18:43:07Z,49,1517897,3100,False
592,UCmb0LnmFYceH7toqgmUTJDA,Vandal,2015-02-25T12:42:55Z,2668,181589870,1200000,False
593,UCd400NDUWJdTLcO5jub06wA,D∆∞∆°ng ƒê·ª©c Qu·∫£ng,2010-10-21T16:51:15Z,0,0,66,False
594,UCcEvN30KYmPHKtbtdH2D-CQ,H2KPODUCTOINS,2008-04-05T16:28:09Z,6,151054,39,False
595,UCxjTGdg2DYJ9MVR0hkzpHvA,VOXSPORTS,2009-07-28T05:58:07Z,3121,6823380,7880,False
596,UCBXyQvKr-OaHUjpn3fEBsuQ,Derrick Johnson,2006-05-05T02:51:14Z,221,1046327,4560,False
597,UC8-APnASPyqxhvdiQOvvt9g,nitajait,2007-12-05T03:37:27Z,169,513991,209,False
598,UCmNYSzZTZw4QNawVQ038kvw,96969696black,2011-10-14T12:48:29Z,222,87025,41,False
599,UCgyz0qRzl96ydHBxkPD1pBw,Mziiki,2014-02-13T09:52:23Z,211,93255739,580000,False
600,UCIOD9FAJdprn4J5p83Rb5Aw,NARA SOGOMONYAN,2012-09-23T13:32:51Z,1,1728,3,False
601,UCiuvu9bNX6qSv3oN80IBPZw,Pablo Prieto,2011-07-24T03:37:10Z,2,1998,6,False
602,UCSG_nwo2bk1yO4omKzMpgvQ,Bionicworm1,2006-11-06T05:02:20Z,85,1672071,165,False
603,UCUf6Vx8WiFlrvzK8ElRO8Lg,badri lingaraj,2007-08-27T18:03:13Z,2,9268,7,False
604,UCSbJvvoYLE4u1YxADiDqvNQ,Steve Johnson,2006-06-13T20:59:46Z,19,476052,349,False
605,UCNwS8A4ElHoDRMw1U0uvbcA,Daniel V√°squez,2008-06-06T16:18:16Z,33,27426,9,False
606,UCSIUdxwx3udSRQ4lzF9irVw,Liebes Fr√§ulein,2010-08-06T12:14:49Z,17,265400,1100,False
607,UCBaUZ8KMzvfdKYNzdQpBQ2g,Inedits,2007-03-17T04:42:31Z,26,6936869,1240,False
608,UCaGIYzA5H5k_7dAaOpA4WYQ,tmx53786421,2009-11-20T01:56:07Z,13,102071,52,False
609,UCdLzmm5vknO86yO8UrI41xw,Ema Shah,2007-08-05T07:26:16Z,932,5852454,13200,False
610,UCZjDi3Wuy4IekimOjbYGpCQ,xibato,2007-05-03T12:08:36Z,11,13020,3,False
611,UCU6fJd58eq6YauDlmdtmDHA,PROLASERINC,2008-12-25T23:19:36Z,6,15784,3,False
612,UCovtFObhY9NypXcyHxAS7-Q,Roberto Blake,2009-02-08T17:58:19Z,1273,33877945,523000,False
613,UCc7CrqpdgGZlQyso7O7Cj2A,arfist,2007-06-13T19:17:03Z,154,731902,875,False
614,UCSA-3fh1WzfKnHPkDUmoqMw,Fly Russia,2012-02-29T14:19:17Z,106,9829827,64900,False
615,UCE1Mu3LbnE7_OzPfsKqDS-g,djmarcel007,2007-12-29T13:20:09Z,238,38055876,65000,False
616,UCjJMacMVI8gIoRILqJuOn3Q,PhunkRoyal,2008-07-02T20:18:48Z,1571,18471342,56500,False
617,UCYVinkwSX7szARULgYpvhLw,Ali-A,2006-09-13T17:12:04Z,3641,5488137486,17500000,False
618,UCqWqrfbzNvXECu39vl_pP5w,mattbmoura,2006-12-11T17:49:08Z,69,46593292,59000,False
619,UCZLmV977wZ41RROjOuu-oFA,TV Duga Plus Melodija Records,2010-01-31T15:49:26Z,6983,121317264,151000,False
620,UCkmxvZFOr4PwzFnRdIyNllg,c4lvin1337,2009-08-22T21:05:08Z,15,7062,5,False
621,UCqFMzb-4AUf6WAIbl132QKA,NHL,2006-10-26T19:57:49Z,23157,1056169827,1590000,False
622,UCuuTQ-HEwfCSZwCtnc1bgeQ,ÿßŸÑŸÖŸÉÿ™ÿ® ÿßŸÑÿ™ÿπÿßŸàŸÜŸä ÿ®ÿßŸÑÿ±ÿßŸÉÿ©,2010-09-16T21:24:05Z,1024,697041,3490,False
623,UC1w33mzH5SuhRDlykhRLbwg,BerserkD,2011-09-28T13:25:01Z,69,2779129,5660,False
624,UCUo0U24mV861yudj-aVPGpw,RMIT Animation: Graduate Shows,2006-11-19T05:21:05Z,10,10439,421,False
625,UCrMk4rcFt3VYEMif-bQTNEQ,pelaska1980,2010-11-29T19:46:53Z,3,6151,2,False
626,UCTsKqIi_pEE3LbWKrkrdSyQ,INFO,2006-01-29T22:01:34Z,1186,17906974,75200,False
627,UCmOCtkOn7Nu7eIJ8prfJzYA,Natsu Dragneel,2011-07-09T10:10:37Z,12,24478,43,False
628,UCIaeAU4AQ-Kycl6upDplwkg,Gamespro XL,2012-04-11T18:49:37Z,8,1031194,841,False
629,UC2NGqwU5sbGEEGFKWEBy-sA,TheHappyThought,2009-03-23T22:27:31Z,159,277056,833,False
630,UCJA-HEM9UApjvS2ChQH9qAg,3dparks,2009-06-27T18:25:07Z,11,536,0,True
631,UCFzyeVLrv5xzn2iTjnjaNTw,PhoneRadar,2011-02-26T08:14:30Z,3094,154455406,910000,False
632,UCf1pUrBH4F9wViExU7Q64KA,pillo55,2007-04-23T15:23:05Z,805,2522635,1290,False
633,UC3xGcbDsDSHajQN272Cq7DA,GritScooters,2011-02-02T22:13:41Z,159,1936320,20900,False
634,UCBvc7pmUp9wiZIFOXEp1sCg,DemolitionRanch,2011-01-03T14:57:10Z,475,1757638900,9870000,False
635,UCMYQ-wuuzPvpywRy_Lce6Aw,Prathibha Dhanuka,2010-04-04T05:59:59Z,88,729141,2130,False
636,UCmxZw7N4Jyljr1RbSs4Ymaw,FightHype.com,2007-05-23T18:38:57Z,27590,1042008868,913000,False
637,UCCAIgKd_LTfWdoEnWFgJrtw,Bryan Thong,2011-06-25T11:42:01Z,26,19580,8,False
638,UCMWwvUso2x6wVDTYXKSZHKQ,Chadron,2009-08-06T22:36:01Z,66,725055,287,False
639,UClZT7qdA7ITMxJney_EWl8w,Redakcia Mistral,2012-04-15T10:11:44Z,3224,1137060,1520,False
640,UCD2I0Ha3zCDQLOQlD1yIEFQ,Norx World,2010-12-14T09:10:58Z,80,859050,13300,False
641,UChKKMC4c1Vs-Pn8-WgqX_Sw,motva,2008-10-28T17:48:59Z,23,15060,18,False
642,UCYuU21LIpKm-NX_WTCqr56Q,Myzael Torrez,2012-01-24T17:21:16Z,24,58231,33,False
643,UCK0NRY1A09-L0xLvZgIqQ5Q,A Hughes,2006-11-29T17:33:11Z,0,0,2,False
644,UCrKZx553F5U1272WkMg8xcQ,humorista,2006-05-13T16:40:29Z,107,313716,716,False
645,UCTIM_X5ZCgrA4-JD41PcTfA,ALPH4SOUL,2013-12-17T13:31:05Z,54,240204,311,False
646,UC9xTxkz6DYaumBV3TZaMVpw,Maximus787,2012-10-13T09:09:00Z,10,265718,161,False
647,UCcqmDO49s3X2O-n-088a8vw,dandradell,2010-08-05T13:49:41Z,4,5756,5,False
648,UCj6iJTEk_YLd9o1Jqt5xdYA,U-Spray Bugspray,2008-01-06T15:29:08Z,339,16014069,0,True
649,UC3kKWui3o96J9nn1lkRwPcw,DontHaveUserName,2006-02-08T01:46:28Z,1,7172,12,False
650,UCu0wB4RWds4nr1dsd-r20JQ,Juanny Rodriguez,2008-10-23T21:13:20Z,13,42948,64,False
651,UC92lZ9DgpF_9wmIUq9RIYCA,jechuy85,2008-08-01T18:10:28Z,261,7216069,5230,False
652,UCZsjyt3uUzX1WjPx5Xx-kRg,Rhein-Neckar L√∂wen,2009-04-21T20:49:24Z,1134,11137412,26500,False
653,UCtAVULgy36_oLYhqL3isw2g,CNR Music,2006-10-20T09:09:30Z,1057,135204801,95700,False
654,UC1eX5wWGYtRK4rdTc77Rv2g,Strong Arm Sports Podcast,2012-02-07T13:58:27Z,663,8606141,77400,False
655,UCadeTfYRY_z0YDEjnp-G6Tg,melissamerry,2007-12-03T02:21:24Z,1,2949,0,False
656,UCV6CUMU_qxAfk9e95ouY9Hw,fuckslipknot,2007-08-22T08:41:10Z,32,114152,12,False
657,UCmL1WlDI8UkXDXCXcBQN9CA,Ultra Bollywood,2009-10-21T12:28:20Z,9953,14380972744,27700000,False
658,UC76lmZQ21I84rFRPhX2q2tA,NoMorFriction,2010-09-16T00:10:00Z,13,45418,145,False
659,UCxmdHBtWHO3e_76bNY3absw,Kelsey Wildman,2010-05-27T01:30:16Z,3,4891,9,False
660,UCYe-j_a6tAVTZyZrGCZq8dQ,MSA Agency,2008-04-03T20:53:43Z,63,614816,797,False
661,UCYRStfklk8otfZpY9E5nK4g,Encorda2,2010-09-12T20:31:37Z,232,9551315,74000,False
662,UCLXsp7GMZs9WAzpf2upSWpw,Hunterelectro,2010-03-13T22:49:12Z,19,15154,36,False
663,UCX-yBC6iSJlKfLi98mtcBeg,The Raven Foundation,2008-02-25T17:17:17Z,542,415625,1250,False
664,UCXUVrPB5njxF8IBae0ttJPg,Snap-on Tools,2008-01-27T14:45:29Z,574,17691708,85300,False
665,UCMV_qLZHelFkKoI55DfD70g,Learn How To Screen Print T-shirts,2012-12-23T23:11:43Z,35,2330037,31900,False
666,UCSv6yKLOumjO0JnPt5bcPjg,–£–±–∏—Ç—ã–µ –î–æ—Ä–æ–≥–∏,2011-08-24T08:38:35Z,405,2112370,13400,False
667,UCQpC5Xa15Gdyby9rbWG6BpQ,Ivan Lekandore,2008-08-24T11:43:47Z,23,179390,315,False
668,UCS2P0xawLDZHWFyBymVOK1A,shnobel,2006-11-23T06:12:48Z,2561,36216328,50000,False
669,UCvAN6YEXlaq1CfgSZnirLbA,leekermode,2011-02-16T21:55:29Z,7,13868,21,False
670,UCaV95UnnLvOqYrE5045ZsTQ,rikuntyudady,2009-12-13T11:33:58Z,28,55778,73,False
671,UCWAE56h2fnfzENVmQhW5Eyg,TwoFitTwins,2014-09-29T04:52:09Z,11,713204,3810,False
672,UCWy92ED4uH2tD149Ubk4--Q,Beyaz G√ºl,2010-01-26T21:22:31Z,21,379007,87,False
673,UCtaYUtD7j-UDRccC5WdzglA,Institute for War & Peace Reporting,2008-08-06T16:14:24Z,343,6070226,16000,False
674,UCMf2NsucUuJYlF1aN5tmG_Q,brave1225,2007-04-29T11:38:11Z,183,277546,551,False
675,UCRD6jdpxNXO57p13uUt6afg,GamingTV,2012-01-27T08:03:46Z,127,267045,1610,False
676,UC8k9J2Y9eE0N28mihfLD9fQ,MotoSport.com,2008-01-31T23:11:07Z,234,4573884,197000,False
677,UCYAnCh6SqIyaL6Eoj1Llhig,Riders Match,2009-11-09T13:46:18Z,0,0,0,True
678,UCY_Ss4xRkzDMM9MzKjiqnCw,toys210,2009-10-04T22:20:31Z,1589,20100218,28600,False
679,UCdwmfUxRXrdmGfxpvg0DH0g,TCI Engineering,2007-09-14T15:13:20Z,428,1607203,4640,False
680,UC_l4MUMQx5C189xisDj52gQ,telomerese,2008-09-02T11:05:36Z,869,192581,91,False
681,UC8YLUBuHjRIc49mAEXynZPA,bb7200sncf,2008-03-31T14:54:53Z,25,171275,41,False
682,UCzpdzS-yHv3naJFb2Ojcw3A,Thrym,2007-06-21T15:33:44Z,204,1882373,386,False
683,UCgDRHon4vwkOgd1ETBo-laA,lani rio,2010-10-17T18:17:24Z,15,62501,61,False
684,UCBfDOjJK0xbRpP_RyqLP7yQ,groetenuithilversum,2007-04-30T11:35:51Z,13,65357,12,False
685,UCmSnopYR03AJufr4-tPJH0Q,Anth0holic,2008-01-20T09:19:48Z,339,3323821,403,False
686,UCjS8211BG-4Ixldev02qSuw,Dj Kam's Dzk,2007-10-29T06:37:45Z,4,1396,123,False
687,UC8_JumwjO1xA6gnd-SRJbrA,HookedOnUtah,2009-05-06T17:30:48Z,346,1591862,4820,False
688,UC7SpLClHphJGNAFA2HbMLzg,Mista Pimpin,2007-01-26T07:47:41Z,4,6689,259,False
689,UCi09iSRiQuI8Yum2s4Jqk0A,arcoiriizalex,2012-12-20T07:09:36Z,1,19323,14,False
690,UCKM-4OlZgD1iBclTOBVyI-Q,BudgetHobby,2014-05-10T16:15:04Z,73,71403838,513000,False
691,UCIUsF7kMTGigJJd8qWYuvkA,mcnoj123,2008-09-19T01:10:03Z,9,1370028,2940,False
692,UCc77G_FOiLE1RLyegKMWFEQ,Holly Galligan,2007-06-23T19:34:57Z,26,13072,19,False
693,UCUhNmvjnOCtCRqCfC180z5Q,ProjectDIVAChannel,2012-12-27T01:30:28Z,349,996951,6230,False
694,UCUrZK4HLiPpMVJYi9SvN9IA,Willy Cross,2011-07-28T11:15:46Z,3,4358,114,False
695,UCCHOj2caVpX0rbKWUwfc7nw,Abhinav Srivastav,2007-02-26T07:39:53Z,70,424317,1490,False
696,UC9niXIxvN0X3B3nybwquQ8w,Kevin Hayes,2007-06-02T20:39:28Z,64,103106,35,False
697,UCfF6hVZ-eVGE7yP9QECDK-g,MS G,2009-10-01T21:49:46Z,69,1912293,4510,False
698,UCG087oup63HrkYKw6H4Orcg,jazzfabz,2008-10-09T06:31:15Z,90,490834,856,False
699,UCFjP-tlWXRZG4vc1SJaZWgw,musical mania,2013-11-16T21:37:17Z,191,2348252,3320,False
700,UCMsHRBMzq1TApRcC5MeD7QQ,BilalAljmzawi,2008-10-08T19:00:18Z,406,16974732,6240,False
701,UCpNbMDNc_GXApuxL4aHjSsA,Paulina Cocina,2009-06-08T15:24:22Z,647,248613787,2990000,False
702,UC4JEc3D9aQgG6CPXZVScDZQ,thiapathioli,2007-08-01T13:27:50Z,8,44900,15,False
703,UCC1UcDbrHhqtmZ-XmQ0XhCw,Vykintas Vainius,2008-03-26T16:10:13Z,20,38453,88,False
704,UCrfab2aBVpXhJQvcPumUo3A,elzzzie,2006-08-04T12:15:28Z,88,520156,79,False
705,UCfbihn7U49ox9oQcI6EuQWw,Hey Hey It's Saturday,2014-07-31T22:47:02Z,1331,16375338,28300,False
706,UC29Po77t3EDh_2quyrfR-Dw,DCnepal Com,2009-03-11T02:55:26Z,2487,19079459,49300,False
707,UCxqBrvhUF9Ebc9BQxK7JjVA,kitaslove20,2007-12-19T17:37:32Z,18,778749,212,False
708,UCdlHmsUn-pvgOaZ3E3vj6Lg,aleenf1,2010-09-04T13:48:07Z,167,4412643,2960,False
709,UCfCj-cHNM78KgfXdMVRDb6w,Kanyavee T,2008-06-07T14:06:51Z,4,45227,10,False
710,UCujb5MIcKh7KeSWQ7Uax-Wg,ARMBETS TV,2011-09-09T07:44:08Z,2614,77796924,183000,False
711,UCPZQB35QNvyACZan7PMUZLA,El Porvenir MX,2009-02-23T01:47:13Z,11041,31972497,33600,False
712,UCjZtkT7xZj05CnDUA33MBQQ,Mr.X Paygox,2008-06-24T16:52:06Z,49,771630,843,False
713,UCg7DHIQXQwuDrItu84MJgew,WeGottaSituation,2011-02-06T22:58:57Z,275,2226404,9650,False
714,UCHc3el42hXKKhjs_1vzWk9A,Telefe,2012-09-10T13:48:33Z,76425,3840819626,4870000,False
715,UCKnFmxcCDhL9h67Q20GubRQ,noor a,2010-12-23T23:22:57Z,37,59840,134,False
716,UCFsOHIk_L2ujgO4ARD5d9_Q,petcAVAsile C√ÑNT√ÑRI CRESTINE 2020,2011-02-28T19:43:16Z,1011,3960959,9700,False
717,UCpTFa6iMQ2vMKfTjq3OOCtg,Fotocameraguida99,2012-01-24T09:12:31Z,17,40824,17,False
718,UCTuHIoX1JHYNtKhemy8hsRA,daniela paredes,2012-10-19T21:13:58Z,13,10486,4,False
719,UCypHcf4Zl17QyY-JZmrZvsw,xfdasfads,2007-01-03T16:35:06Z,31,291430,26,False
720,UCVdlqEnP5kA9DyMwabjANsg,Triveni Music Bhojpuri,2012-03-26T16:27:51Z,278,1417742,0,True
721,UCdAaglkVn0yuXcH5xvnIbQA,„Åª„Åü„Çã,2011-01-09T11:37:21Z,86,10242839,4890,False
722,UC5r3WHrX4Z7peSYpDlgktGw,Talk To Me In Korean,2009-07-21T23:07:21Z,1677,54512968,1110000,False
723,UCshyM08-MXmCTAq74i3aIkg,PhoneBunch,2013-02-27T17:16:56Z,857,33276871,96900,False
724,UCfv1BXGB5n396-twcVKp4BQ,P'tit-Yann-68,2011-05-24T20:26:38Z,26,17907,25,False
725,UCmnp-WxsWlhdGZ_lforMX4g,CardsInfinity.com,2007-03-06T03:25:01Z,68845,62669900,42800,False
726,UCv5vbEwaUh0LO6dwVa0iVEw,WMTV,2010-05-31T19:35:43Z,5899,130514005,223000,False
727,UC4fxQhWEtdx9R2YHyBNML1g,The Rose Lightning Channel,2007-04-14T09:39:53Z,216,36977,778,False
728,UCkEeEFu-z9fF_Wpr-tsOoDw,Merlin'in Kazanƒ±,2011-08-10T11:49:17Z,1616,12335873,44900,False
729,UC6tMN5nmjuWFK3EF6VQ1SuA,MeedFilms,2009-08-28T08:02:03Z,89,851770,300,False
730,UCHrl0SCnhZ2czuezyMZz9ag,Ben Roesser,2008-02-17T03:10:19Z,0,0,2800,False
731,UCozv2WyA_7HJezHV9BW-_SA,RANGO,2013-08-16T14:37:59Z,526,21753439,359000,False
732,UCl6mJdBn-R_jAsFXq8uFZng,hsbooks66,2009-10-10T11:09:40Z,349,95054600,94100,False
733,UCUcAiwBk5bjOB-FArf4eOuQ,Meow Me,2011-09-14T06:09:37Z,122,246867,603,False
734,UCeQmge0MSMyQqDhVk0zsmjw,HelloDollfaceMusic,2012-02-05T18:51:09Z,38,28529,0,True
735,UC9LKH61gteD90fEuySOnzDw,onrpg,2008-01-02T16:49:48Z,1739,6684582,5650,False
736,UCwzPyAbM-mBHg5ISpmkQ3Ow,Poor Man's Gourmet Kitchen,2012-03-05T06:25:32Z,470,24645859,199000,False
737,UCak8fK-ILF4ep9TkTrnvpSw,NaTiiX,2014-05-17T07:33:02Z,144,156660,5300,False
738,UCJMPb3AhRVjPGMZYQb_kIyg,Marcello Passos,2007-10-14T22:08:41Z,43,245578,280,False
739,UC0lCPqGnp2Ms9BVO_PwT7_w,Moving Color Studios,2011-08-14T04:06:54Z,38,78162,0,True
740,UCLQZTXj_AnL7fDC8sLrTGMw,RevZilla,2009-06-05T17:24:44Z,7465,250759699,932000,False
741,UCG1sByvYsOVfu7uVliY8qOw,SmartBrainChild Sunday,2010-01-19T00:54:44Z,630,100156872,152000,False
742,UC2MYPIpoyCzCJ6vkL1LpZYQ,Clavvelele,2006-10-26T18:31:26Z,23,882349,513,False
743,UChoz8fVg1M0QHJTCWDwZPhw,DisneyShowzz,2009-03-25T03:17:05Z,25,319676,156,False
744,UCjmjWp38PCg15Z5ZS-tmpfw,ZigWheels,2008-10-15T12:11:10Z,1276,156191805,559000,False
745,UCt8w6KPEDkf_Qe1FreHCU0A,Arab Idol,2010-07-03T20:58:21Z,989,2815571228,4810000,False
746,UC62FeQXll5aE7U7YirwwpWw,stefano biondo,2009-02-06T20:33:46Z,6,8047,5,False
747,UCuRKwEJhPkAzIUpntqxDHQw,Bobz Studios,2013-01-05T12:49:53Z,669,2192574,4460,False
748,UCMzOv2W12eehIDBzLXpRtjw,G√ºneyli Oƒüul,2013-04-27T17:21:44Z,16,154790,169,False
749,UCKKbzv2Mq3YlXhwEd3hx58g,ÿ£ÿ®Ÿà ÿπŸÖÿßÿ± ÿ®ŸÜ ŸàŸÑŸä,2011-04-04T08:27:05Z,257,1007390,2560,False
750,UCjAaUjBrbOnZFB_d4xPal7w,kitarakithara,2008-09-01T07:48:54Z,5,16177,19,False
751,UCrERTllrAthll3gS_LrAtdg,Ecose,2015-06-01T20:40:56Z,16,68358,187,False
752,UChytPNRRSqwF1Jp5_tW-X9w,trafficsjamstv,2008-06-21T03:43:35Z,2,2008,1,False
753,UC5NdbwHcnz5DlBTIotY8HIQ,Basem FIGO,2012-05-07T19:10:36Z,168,2267994,5880,False
754,UCH_agkhtxm48qM5cn4-lykg,ravengothroth,2008-06-10T01:10:13Z,13,117200,142,False
755,UCjcFOi0n4HeR0cWILMkBVuw,articnoble714,2009-11-09T01:31:59Z,28,169559,399,False
756,UCP8-U_UmqteO-fskHwwtX3Q,Nongview -w-,2012-12-04T12:07:09Z,16,107334,85,False
757,UCcnmB4kT9xR8WM1cbnvbY_w,Xracing Magazine,2010-02-09T10:54:31Z,144,479844,393,False
758,UCYJpXXxZ-E_UTVZkGSrScbQ,Mr Djengis,2009-10-16T18:35:17Z,149,208120,145,False
759,UCfHalTgd9GfMoM1az9yLKqg,Andrew Collier,2006-11-12T13:30:20Z,4,5680,18,False
760,UC9Hrgm4iHzcfWM56SVw2tuQ,EU SOU FUNK,2012-12-15T22:51:59Z,50,251551,645,False
761,UC-yqiX1Q_vUORSADVplrkbQ,sela,2012-04-11T13:12:26Z,7,2681,1090,False
762,UCVdrtgK208SJQ6EDMC3sQng,matthayestv,2012-01-04T14:59:25Z,6,40335,160,False
763,UCuCXCyTDYkFxP_LvN4-75nQ,Pierolib,2006-10-25T10:50:40Z,14,8242,13,False
764,UChySZ4hAHvHiCC0pL0GPbAA,JG Georgie,2011-01-20T07:14:53Z,87,495646,2830,False
765,UCq8GvqpdYBjizNGkDJJ9Y_g,ÿπÿ®ÿØÿßŸÑŸÑŸá ÿßŸÑÿ®ÿ±ÿßŸáŸäŸÖ,2011-10-01T19:02:17Z,225,12819330,62600,False
766,UCw51XXsdK-2EC489Emwcqcw,thanhthuybeeads,2011-11-04T10:51:00Z,12,223,12,False
767,UC0xvgIkMAnR-E6A-ThAj7CQ,aliskone,2008-02-27T16:02:58Z,193,200618,35,False
768,UColm42gbjL-8al49kqqi4Fw,3amrepmike3,2009-09-11T22:44:56Z,375,33608613,28800,False
769,UC2vuM7StuJ7dapcFqKrPDiQ,korarotana,2011-03-15T07:55:38Z,11704,181659589,344000,False
770,UC3q_7Bja12Vb3NUgx6lX7Ww,minami000sayo,2008-01-28T07:12:51Z,703,2595982,379,False
771,UClKxqA23xYjZqscXHidIVWA,wisdomoftheworld,2008-09-19T00:05:09Z,37,801122,7710,False
772,UClTHe2ceM0je2aFH4Vz83mg,reaganzilla,2011-04-02T20:44:06Z,752,97876384,128000,False
773,UCQzfpkHNUviMt1FNiT1NWLQ,MagokoroENT,2012-07-02T10:01:37Z,55,67479,145,False
774,UCybPtozyD1bAlzo3ubKR5GA,MahaloVideoGames,2008-05-27T20:30:20Z,39948,750123626,452000,False
775,UCba2uIYq75m6SNuK8TtmG9A,Disturb Reality,2009-03-03T04:05:44Z,371,108642864,828000,False
776,UCla-QAUwgtbiWPqujNxLfcA,rico7738,2006-06-14T03:43:23Z,163,1119674,617,False
777,UCt6pRNqkrWZDUebhL1o3T8w,SEProductBlog,2009-11-13T12:53:24Z,45,3354019,1140,False
778,UC7jE5vgoYGxCahfAtWlk0gA,Jaso,2007-11-11T16:22:32Z,210,148367,92,False
779,UCr1_i2AUi6O7RErRTs4rjrA,achimundsiggi,2010-03-20T14:37:59Z,181,1847799,515,False
780,UCbWX64TI2HJI3Y4Rzs4T-Sg,shynobithief,2006-12-20T02:54:02Z,12,49868,22,False
781,UC072Jd6peqMAy22PUx9bDZA,SEA Mora,2015-06-05T05:02:09Z,0,0,4180,False
782,UCd5R8xizUUgzJdwXFSS7_Xg,Awesome Earthmovers,2010-09-02T02:41:26Z,1063,209962153,394000,False
783,UCx54XHfs_9IMVN_ZTKoRuDA,indyfilmz,2006-08-07T03:31:33Z,11,5005,2,False
784,UC2E67yeucJtRLEyyPGjSoww,Joan Hernandez Lebron,2008-08-01T19:58:02Z,49,734350,648,False
785,UCTewGQMmMs0CncOVTMLwhQg,Roth Wellden,2011-05-31T18:30:37Z,1522,69765325,343000,False
786,UCSVUGVgkOBAtSF_5Lr3BplQ,gasnoide,2011-04-11T18:44:32Z,3,1718,2,False
787,UCVesA0tasKJBTC3ebUNnp-Q,Fernando Rocha,2007-01-07T14:30:42Z,21,151032,126,False
788,UCzs40Csl6opEL5i_4YuK_Pw,Rivital,2009-05-27T01:43:39Z,20,1385586,389,False
789,UCk6TpMJVc5ep4IwqT24Fubw,Richard Piatt,2007-04-01T09:47:20Z,353,2780400,1820,False
790,UCjTCFFq605uuq4YN4VmhkBA,NCIX Tech Tips,2007-01-02T21:57:52Z,2192,280429688,1170000,False
791,UCJKt_QVDyUbqdm3ag_py2eQ,Kuokka77,2010-10-27T05:31:22Z,1449,8535837,8950,False
792,UChbmp9N5NttZT3kGlYUzblQ,Dionicio Canahua,2006-10-16T22:13:18Z,0,0,23300,False
793,UCHRomEuH2hX2nutF7LLkXFg,38pnet,2011-02-21T19:10:47Z,3,24263,20,False
794,UCVVfWafbTKcHu0TyampWoJQ,„Å°„ÇÉ„Åë„Å°„ÇÉ„Çì„Å≠„Çã,2012-04-01T18:31:36Z,941,180561584,177000,False
795,UCFmZ5fJJi8ndEcHUGUNyc6g,Theafrican8,2009-06-29T23:18:26Z,100,304240,97,False
796,UCbKUGwLwOzGif6tRjCC-8Cw,Rubens Jr,2006-08-24T05:12:20Z,37,2380364,450,False
797,UCwyTDDqDcpKHTBiiw678oKw,TheCoCVideos,2013-03-14T04:03:23Z,12,29312,73,False
798,UCw4XhkrEdBM-1gL2Eo30-4Q,mustafaakgul35,2007-10-06T09:03:51Z,2,4457,1,False
799,UC60WHcq3PJBYsytHGPgPoxg,Schaatsen.nl,2009-04-25T20:53:27Z,2515,4420929,5670,False
800,UC50kpGOODel6upboeRr29Wg,Marshall Steeves,2009-07-30T11:37:49Z,20,58160,279,False
801,UCGHxwSg7hpLtjSzLy8CZGOg,Jean Pol,2008-11-07T14:45:09Z,64,188288,139,False
802,UCb3Uqx1jNaj_BhFiOvWJVXg,WilliamBillMunny,2012-03-21T11:48:14Z,163,3125224,1340,False
803,UC4XzqIkOvIc88vqprybQoSQ,143jimx,2011-10-25T15:13:17Z,47,210428,87,False
804,UCsOUzkzIkNR7nb_q83wn7_Q,iphoneapppodcast,2008-08-27T20:53:12Z,1213,2647628,2270,False
805,UC8lgcvysZVGxR8Da0RBRW9g,belllebianca,2009-03-28T19:08:28Z,89,9303,2,False
806,UCMjUoV3dgJ9BEVw49MuCgLQ,Edward Zhang,2009-06-30T23:39:01Z,192,193377,153,False
807,UCAonH6Byqym88fBgKTwFdtQ,Carlos Norona,2011-09-29T21:40:39Z,1,3123,6,False
808,UCDo7-HLf6U7rvbngmAhNkoA,Silfimur,2012-04-15T09:11:00Z,161,7997179,15200,False
809,UCLhXDyb3XMgB4nW1pI3Q6-w,comoconfigurar,2012-07-13T01:37:19Z,4367,247671997,775000,False
810,UCA6RuM6RKDlMfOkmNVya_8A,carpcell,2010-03-22T06:22:10Z,910,4131607,2930,False
811,UCXUeZbRVLXITr1ybgSJyasw,55lincoln,2006-12-08T21:21:32Z,2840,10960138,9320,False
812,UCqjtD7Ec9tSThagnyhLBsQA,SpinefarmRec,2009-04-20T08:06:48Z,250,113263456,96200,False
813,UCG_j6ftxQjdaA77tmRmAeBw,chytown18diana,2008-04-16T13:56:23Z,42,17468,19,False
814,UC0d5D3-XIYIxbfwm6o8638Q,NBA 2K Espa√±a,2009-10-22T11:27:06Z,417,9154768,76900,False
815,UCdar0wP4Q40B6K--L9rRZNg,Jakub Krchl√≠k,2006-11-09T18:46:45Z,52,178748,75,False
816,UC6HkVP_xUtr1wIUe4nQPo_A,INFO 4D,2013-04-25T21:45:50Z,66,1758033,9580,False
817,UCEqCrD1a8MhZwjTFm7vn1FQ,Andriy Oliynyk,2012-05-10T20:49:28Z,2,5053,6,False
818,UCFlWwpSC9IJ8ytkEqTtmu1A,lifein2011,2010-12-15T09:36:59Z,133,291569,1870,False
819,UCd0svlreYx8t1jQdTK7PfsA,Triathlete,2006-03-13T06:20:03Z,1195,6233210,25100,False
820,UC6qvx3UxVIt1KirvVTSg99A,lighthousess,2007-08-21T09:41:33Z,63,135037,21,False
821,UCa8HrpaNOSoIUrPuqec2jGg,KeeFHQVideos,2010-03-21T17:02:34Z,95,59059215,40800,False
822,UCQ6UXrtnCIuIisdZldq8npw,GameFront,2011-01-13T20:59:53Z,7566,97937818,154000,False
823,UCto35bnvPm_V7iiIvmaqC1A,Site Apoteose,2014-01-28T15:31:41Z,1686,24737651,70700,False
824,UCJVGQvLy0-hyEHYrhhBB5QQ,WERMVEVO,2012-07-23T21:41:52Z,1,12028,132,False
825,UC9O5nvfr1ACJf3lRYegFxhA,dan10k,2006-06-18T01:16:12Z,295,603902,115,False
826,UCcsgb07FIBVGJDNMoLEZ2dA,TheStoreQsr,2010-12-27T08:41:11Z,142,5404481,2840,False
827,UC7w_1PpN4cUrveTEnPR_ruA,jimmyeflyingvideo,2008-06-19T01:59:11Z,101,710368,472,False
828,UCBmI_zgn4U9ZXYEqk9DXI8g,Nella,2012-07-06T12:10:37Z,50,14314363,13400,False
829,UCAxtVn4eS0WSE5jaKK6qlVA,mahalodotcom,2007-06-08T03:01:28Z,14032,675330718,1520000,False
830,UCGBI5D5uMO2In5uMD6itvzQ,Bobleperdu,2008-01-06T00:30:21Z,11,359018,77,False
831,UCTrH4s--dRVwV3MOgYkq2Lg,gisters07,2013-05-22T15:56:37Z,3,20279,55,False
832,UC8e_DJXzsNtHm7QV_BDNWQw,ShellyD38,2011-04-19T16:31:59Z,268,557763,0,True
833,UC2cU7THEKH-q5-hNMW2IAJw,ace5461021,2006-08-01T21:41:44Z,6,8429,2,False
834,UCg2NfA0Whcx0rzjaN7f8ihQ,daniandkoga4ever,2008-03-29T00:10:09Z,25,122524,225,False
835,UCchtGBIgja5RAmI3XPvV-xA,silrange,2006-08-10T05:51:40Z,278,110537,38,False
836,UC0HAgvsLljXqzSWHWh0ePEQ,ÿ¨ŸÖÿπŸäÿ© ÿ≤Ÿàÿßÿ¨,2009-08-27T22:33:31Z,407,3928369,15600,False
837,UCqRb7uCyZwaK-dGWuE4-N9A,scrappovia,2011-10-20T13:47:18Z,47,29494,396,False
838,UCSMK-_VJEhTG_jDhlK04VdQ,Beauty by Walgreens,2007-08-17T23:09:51Z,532,1843673,4830,False
839,UCErcXQgmjsow5UpLXT1zn9A,AE111ZXS,2009-09-26T23:50:04Z,28,17621,9,False
840,UCJaXKxlkzx3DcgtniDCNQ5w,jmkn58710,2008-02-02T13:30:11Z,1013,30835324,51800,False
841,UCfBLXTwLoUpDAkHcHizW3Jg,SNES drunk,2013-05-31T23:31:48Z,857,62167784,217000,False
842,UCGBc6qyVKxHYkhmjCl0N-hw,Arnaud d'Alfonso,2007-01-07T21:52:51Z,235,1372742,432,False
843,UC7Twvlx1B3dGuUcE3xed36A,Landbouwspotters,2009-10-03T16:40:12Z,266,3249452,3750,False
844,UCdt9STEaWQm8K2mBqUZ6fdg,Luca Dorin,2015-03-22T10:41:22Z,30,184325,349,False
845,UCLYmWAFs8RacdGtVauakGWA,trentobento,2006-02-03T12:56:55Z,18,114079,63,False
846,UC-fxtRERUCXfRdJQArByuUw,84jr0,2007-10-08T14:20:10Z,9,3337,0,False
847,UCE5bqtxuCT2wHUNCH2KmJ8g,muffinman12345,2006-07-02T11:13:16Z,30,919335,64,False
848,UCiOxToRlpasZY480lsKVPaA,Andr√© Santana,2008-10-11T20:01:57Z,354,518436,3530,False
849,UCcxSNAgdGgEaJ2Mm_M3L8-g,Roc√≠o Ruiz,2012-11-29T20:42:10Z,40,262268,777,False
850,UCVoVN5IZfmOpm53LTWv_mEw,Nick Smithz,2012-11-19T13:41:20Z,4,128,231,False
851,UCJaKiPozicrSedDDqY93nxQ,sl8er1234,2007-09-08T22:53:22Z,2,10856,4,False
852,UC_0VY4M2TRjeqifpziwsOKg,Shaiote Klata,2008-06-16T08:21:35Z,12,41531,41,False
853,UCCECNSIYtwijzr43XNdfQlA,RobbieKessell,2008-09-07T17:15:52Z,31,242742,687,False
854,UCE570Jqw0OEqtNY06QqlAOw,Reid Dawson,2009-08-09T08:44:25Z,412,7960627,17400,False
855,UCfykEQGKbx5bDfU8DmrOE_Q,Hazara_Art,2006-12-12T13:14:36Z,17,23604,28,False
856,UCpe2J0PdNmsqXokblCQWkVA,ReifenDirekt TV,2007-09-14T07:02:47Z,307,4093575,788,False
857,UCGZmkgX5xXZZboN0-ZRp3_A,Charlatan Wonder,2011-04-11T04:00:41Z,290,13535279,95000,False
858,UCoNIsGJ2pBhDb6HdtzobUtg,sportmartialarts,2008-08-16T16:41:21Z,8940,11761483,23000,False
859,UCWAWxTiKzFfA2yO7hjO6kXg,1ldulduldulduldu,2009-12-20T23:58:13Z,1,5552,4,False
860,UCFS2EPWhtlQg6d-r8Qq3wcw,bboyyouval,2007-07-31T05:01:41Z,3947,16768612,11800,False
861,UCGDpVWPZ-WGPntuWF1Kik7g,mradrianwynn,2010-10-07T20:31:02Z,13,57251,11,False
862,UCWn-raTLcIF-YKOHfQLWjaw,skydog46,2006-03-16T04:24:42Z,178,5608515,2850,False
863,UCVA5wo4V5qO6PRGJuvMH2nw,intedomine,2009-11-22T20:49:52Z,58,106384,182,False
864,UCDS7re9AD8jTg-peowkU2ew,WereJackal,2007-01-02T08:47:47Z,115,1321454,318,False
865,UCy--nD1pnUyWk8HDg9orNDw,Nelson Sarmiento,2009-04-07T04:55:44Z,320,4036542,3200,False
866,UCWkWxxfDu2IMYvpl0dCtc2A,shdwgrl,2006-04-07T21:04:43Z,9,8500436,11700,False
867,UCI7s-cS_zUSOZHLDcxI0I8Q,Vicar RS,2006-09-05T15:20:34Z,129,197641,118,False
868,UC_F8QHd5dfmWdCIW4cOmPSw,James Rowe,2012-10-03T21:58:53Z,1,2390,4,False
869,UCRFBivFMyx3ogRK-n0eTIHg,Kerrelyn717,2011-06-25T15:03:29Z,10,123323,111,False
870,UCNegomi4-XAmUATq_EH14XQ,Arvid Lager,2011-09-22T15:25:23Z,0,0,285,False
871,UCCqv5X4gnuwuD83QpXWCwfA,Drag Racing & Tech,2006-06-22T11:16:47Z,20,25997,40,False
872,UCp-yWSkH2RfK5xm-Z3qo9yg,utfkiyikmjha,2012-02-08T13:04:56Z,17,15110,10,False
873,UCQYYXFpo5jbWHNEk7xKdGYw,ŸÖÿßÿ¨ÿØ ŸáŸäŸÑÿß,2008-04-06T12:39:59Z,59,496773,0,True
874,UCQlGBspQdj17WOPBQMT1k9A,ExpertVillage Leaf Group,2006-04-05T16:06:12Z,256486,959413364,3530000,False
875,UCyNOucLDZXhAx6ztScV7iFQ,Opotiki,2013-03-02T00:52:33Z,11,283808,369,False
876,UChyM3jcR6gRgFpD5U1ZclHw,Jamil Moussa,2008-07-09T21:52:10Z,125,536479,894,False
877,UC2uZWCSw31y2gkYwpE109hw,CaptainLego100,2009-12-27T14:57:10Z,6,17403,88,False
878,UCEpyUocnghlUQKN33yFIfmg,YeouschReloaded,2011-06-25T02:15:36Z,1096,11152966,94900,False
879,UCiF0dg4CWC21EZK1PhmQmiw,BuzaPerm,2011-08-15T18:09:39Z,28,79603,127,False
880,UCFgkqor41YbYZGQOXmhp7Jg,Ceramah Ustad,2011-09-15T10:53:01Z,3,15353,18,False
881,UCYEdXCUKJOqlJA1GIPcRN9A,MrMudd256,2011-07-12T18:26:44Z,27,100880,502,False
882,UCHRD0xFQAvhI-5IZBEdYrDA,Perkins School for the Blind,2007-02-13T22:10:32Z,621,1604605,5100,False
883,UCPaYlmMUjYRGrUJ8DwOaK5w,mentalbro01,2008-05-04T14:57:49Z,15,5158,11,False
884,UCMGY0ZWQmyqHzKZcJXaaxnA,The Master of Hoppets,2009-12-10T16:10:45Z,3750,2825038,9740,False
885,UCch-SOIuhnwFBMmciaQWj3A,MuseBox,2012-10-21T19:12:01Z,64,30278,48,False
886,UCh17-nOzhd1tE9bqztkCuqw,DON BIGG,2009-04-01T00:50:31Z,120,152885988,1340000,False
887,UCHSsuyGJK9vQsBQJTvurDhQ,Ashley Nicole,2007-06-22T14:34:24Z,191,1145725,2780,False
888,UCTY4pLYBU6AcVSeCCuHmJaw,PlayscopeTimeline,2009-12-23T15:34:47Z,2703,42517029,27100,False
889,UCuNg_HbU7s_WtDWUsKk5Kdg,„Éõ„É≥„É°„Ç§Èº¨,2014-02-07T09:29:59Z,58,456167,415,False
890,UCp49CTyOuj5OUD2jRjZFe2Q,master.tk16,2013-05-20T06:03:03Z,23,286951,272,False
891,UCGDJLLphnP0zQQaE3kgo5Wg,Televisa Monterrey,2013-05-14T21:45:14Z,39279,536062382,811000,False
892,UCH-zUJlLeg5H6KYu0IZHBtg,Dallas Hall,2012-12-25T13:03:36Z,17,9864,12,False
893,UCM4_7Tc_mlsnc5iSuG5qB6w,MoBoogie,2006-12-19T00:11:28Z,1395,88655521,111000,False
894,UC0ljjis1QzFoKBxA9O4gQ2w,Bungday,2012-01-05T09:40:39Z,12,28908,16,False
895,UCIfAxaxkWgIiJTkBpePGZHQ,stefano gennari,2009-10-29T15:34:03Z,727,5216861,8960,False
896,UCeFVkJQhBIQW3ONm28h2OAQ,kretanguy,2009-01-27T01:31:19Z,17,170789,164,False
897,UC79wJrCqxStX4wBYbXN49dw,JoeRedeemer,2011-12-17T06:07:04Z,17,189069,105,False
898,UCed30r-gRqG4tcLPs3CrWqQ,WyldFyr56,2011-09-14T17:13:03Z,196,31553,335,False
899,UC3XAKdJHovW-QOEaY0Z5QzA,chun yi,2012-08-31T15:19:49Z,1,81,132,False
900,UCupCNl_codsqX8G_jPEF9xQ,fede rico,2007-10-13T04:55:31Z,5,5327,1,False
901,UC-IfVWMwXH7UazB4PrE_Vyw,Natalia Simmons,2011-03-18T20:17:47Z,144,5761606,25400,False
902,UCAqisf-D6i0IvYr6m0_-xpg,yubel328,2010-05-18T23:18:22Z,58,11775,11,False
903,UCf3ApfNSqikIlGD2KxnbUUw,Aleksandr Haskin Flute Channel,2007-03-18T13:40:02Z,83,453071,1310,False
904,UCzoI6lBLD63DtM1eukZn2Wg,Clara Barreto,2011-11-17T18:36:20Z,1,1250,3,False
905,UCB0wpYIScTBRoe9My5g9iGA,Ozgur Gercel,2015-03-11T08:43:08Z,317,8429526,63700,False
906,UCsR9VKs7WUawo8TAEGthb2Q,andria kal,2010-09-20T16:25:34Z,425,29307236,26000,False
907,UCC_uUzH7EhOHjm9nQDfGwag,Oliver Coysh,2006-07-27T10:17:49Z,14,2341767,5010,False
908,UCqBjfnrystNidAdNNGVgSow,Dr. Eloy Rusafa,2013-09-18T17:35:52Z,6,222109,0,True
909,UClhEIA4NgUey4ty9h8AllHw,qbanguy,2006-10-10T23:41:42Z,179,147513440,1420000,False
910,UCZcCmWhvK0gfThyWRmRerDQ,K√äNH VTC1,2013-07-19T10:57:03Z,53506,3210443642,2950000,False
911,UCvzABOeXdl7zdy2Lb7URdUw,jovando7,2008-12-12T21:04:48Z,51,1269178,707,False
912,UCI3l_VapjxYpwmQmv3cojUA,Puy DaCosTa,2013-06-15T21:26:15Z,4,6650003,22800,False
913,UCxpCwbq-nIMDKj5RfL_6llw,Arno Mermet,2010-01-27T20:46:09Z,23,2267035,8390,False
914,UC32IFxNwIJFkC-nyHDtQ9yg,OxO445,2010-05-05T11:13:20Z,14,28725,15,False
915,UCNfNC94p_0m302SkH8KFmFw,CoBoomTV,2014-07-06T18:26:33Z,83,4184860,50700,False
916,UCIbuh_hZh6hqPbknWDF1ESA,AquVids,2009-03-17T16:03:58Z,5,22151,2,False
917,UCbTLwN10NoCU4WDzLf1JMOA,YRF,2006-06-07T23:07:50Z,2861,22231509045,39100000,False
918,UC0qu9kIJ0C22EzcVOZHsL6A,Op139,2008-07-15T19:32:55Z,42,9212525,5070,False
919,UCaBoHaHkl26DeN_ahaHNaEA,Retsu,2012-04-26T23:30:19Z,54,55067,67,False
920,UCwvxISJ5KLig-lKgl21YJhA,–û—Å—Ç–ú–µ–¥–ö–æ–Ω—Å–∞–ª—Ç –ú–Ω–æ–≥–æ–ø—Ä–æ—Ñ–∏–ª—å–Ω–∞—è –∫–ª–∏–Ω–∏–∫–∞,2008-02-03T19:04:13Z,159,793907,1840,False
921,UCgc4WcUwasw1WJ8qPmgfKSQ,BonesOnTheMend,2010-08-28T01:05:09Z,91,2918083,2010,False
922,UCDcDw3eCZvwNQdLfSUzhkTg,Sporting Kansas City,2010-11-17T04:26:30Z,950,1762225,22500,False
923,UCSvyi6Z6QI1uGsOBahqhlCg,SectorAmateur,2012-11-29T16:57:03Z,867,954174,5480,False
924,UCEg0AqZPRi_mDEFFPZP58SA,Mami Amiego,2013-03-29T14:27:08Z,846,30007465,11200,False
925,UCAQzr076v_RxV3Z6NC5kjHQ,Kosmoh Films,2011-06-12T17:33:22Z,62,127033,526,False
926,UCVa_pizLo_pRoKcXXiADNDQ,Mario Gunawan,2015-03-10T12:12:30Z,23,58248,25,False
927,UC3YoSom6K2d55rhAC1us-fw,The Adobe Empire,2010-07-10T17:34:11Z,136,176897,203,False
928,UCJhRcJw8q3ijByEVqj4-s0w,TV Metr√≥pole - Canal 16.1,2012-03-26T13:59:10Z,1661,1215262,10700,False
929,UCysdrbENErWAI4Z9L2Zv5eA,tabithasbo,2009-09-24T14:15:49Z,88,435250849,370000,False
930,UCoZ8DmwTsiQRquL1Bg_fdfQ,Ako,2009-02-05T22:04:15Z,807,2646747,10100,False
931,UCc7Tj3G1u2r0o1qQXly8bzw,jin kwon,2006-10-26T22:25:49Z,195,172922,60,False
932,UCUprybWEqWn74kcc9KircGA,T·∫°p ch√≠ Zinegame,2014-02-14T08:40:16Z,3,6894,3,False
933,UCt8CdzMEoTie3iix3KmvV7A,GameSprout,2011-05-16T19:21:28Z,2599,1614059282,3560000,False
934,UCxQNoLm8uv_XNWk0XiQ5EHQ,BrohnsProductions,2011-07-26T14:39:42Z,38,56597,35,False
935,UCPo-HlgBo8lxdPWCF62E-2A,mybutterflykisses12,2009-06-18T23:57:16Z,705,6077627,41300,False
936,UCp9y2SHuFrkuMbdiaWgyw4g,Ëî°ÁëûÊ°ì,2010-01-30T15:30:28Z,157,246848,119,False
937,UCIyN1hVAIWKJuao3JcZ6HUw,nono yumin,2013-08-16T15:36:25Z,4,40819,13,False
938,UCBV7B3ZOjXsqtj73CDeItHg,Whispy Woodz,2014-02-21T23:04:56Z,173,359817,4330,False
939,UCRT3L0I7rO72nMQkqQoXP1g,Johnson's Gee-rage,2007-02-06T23:58:12Z,1265,12649058,21200,False
940,UC_aYoCs8w45wFS8pP1CVshw,ModellfliegerTV,2012-11-30T17:20:13Z,2,14758,26,False
941,UCCtl6sSl82MC__WcX87iafw,Paulinho MiniTuning,2009-03-06T05:35:59Z,26,80603,36,False
942,UC8WKMRIdDx0oG5bOkG4smgQ,zunberabo,2007-10-07T15:06:28Z,1784,39502138,40700,False
943,UCIL-JFLvovsFao3vrsXGzag,Dynasty,2008-12-14T23:09:20Z,2975,178311040,466000,False
944,UCoIGPxfGxT8Sbdjlhnf9GRw,RUDA,2011-07-14T14:55:01Z,16,8108,3,False
945,UC563EZ1SLzgfDIHLRmzIPRQ,Dmitry Dolgov,2008-11-09T08:09:31Z,80,57869,96,False
946,UCVawWVTagFACtQM-Bz9oZLg,Cyfrowe.pl,2008-01-10T14:35:16Z,377,4189951,9400,False
947,UCiH9RaD34m5GsisAVde2bbg,Kontiki Travel,2011-06-13T11:52:48Z,335,1602259,2090,False
948,UCnpFV9Jn21yCbZAOpVKGL4A,Lisa Lynne,2006-05-07T06:54:03Z,92,624720,2360,False
949,UCmeL8GwfOyH6Pt0K9lWCwww,Tomomi Isozaki,2010-03-09T07:23:29Z,7,130756,18,False
950,UCtAebVfbry-Ce4oXqkcBJJw,AGROB BUCHTAL,2011-06-17T09:19:44Z,67,184154,527,False
951,UCbcPIsA5txPImroBVaJiRaw,KTAstro TV,2014-04-26T04:29:14Z,183,1093029,16900,False
952,UCoabqfMFYggLI6q_iJh8-jw,spacezoomer,2007-04-17T23:26:37Z,207,212256,271,False
953,UCHXbZQUE49YwHbAJc9Z6wZg,12345644821,2009-12-02T04:28:00Z,108,103933,48,False
954,UCWMTR20z_v1zk9V4EJZAEmw,Kai Young,2011-06-14T12:11:17Z,451,45929774,317000,False
955,UCMIebNc34EmVsbAYOY_vDNA,omerakyel,2006-10-25T23:14:40Z,3,5360,1,False
956,UCV4_mYEdMcv1YeqZMMiBbsA,Imprintablesdotcom,2007-01-30T14:54:21Z,152,1525804,5210,False
957,UCH2X_ZuR8FZalU4xu8hNpow,Ë±ÜÊü¥„Åæ„ÇÅ„Åæ„ÇÅÁê•ÁèÄ,2014-05-21T11:39:48Z,248,4532204,0,True
958,UCuZIrql4x_Jr6aXKRoAOrFw,laguiaclasificados,2010-01-06T21:29:21Z,1098,3202056,3600,False
959,UC0EKpxlBw6aM6MADzbxfcuQ,„Éú„Ç¶„É™„É≥„Ç∞ Êäï„ÅíÊñπ„ÅÆ„Ç≥„ÉÑ„ÇíÂãïÁîª„ÅßÔºÅÊñ∞‰∏ñÁïå„Éú„Ç¶„É™„É≥„Ç∞.com,2012-12-12T07:44:26Z,141,6645186,11800,False
960,UCAo76BuzZtVKnY45lF2s8og,Dani Arifudin,2013-12-23T07:25:17Z,332,2556317,7980,False
961,UCd4-8S_rZ_M2UxI96pbypLw,CosmoDrazi,2007-02-16T15:23:10Z,28,640741,1360,False
962,UC2DP749XX4HuBlJufmKsRdA,Saor Suena,2012-05-24T16:07:40Z,6,7282,90,False
963,UCue5UlXITzJz2eopYE_yedQ,Christian Roy,2010-02-25T23:16:53Z,15,14310,4,False
964,UCzoOfm1AILwHCgv2Dc3mdvg,Dave L,2013-03-29T11:42:31Z,0,0,43,False
965,UCOjF7GPRHEGA5f3074L_Tkw,Amanda Murphy,2011-11-08T18:53:15Z,7,3766,8,False
966,UC2l2CRfsl73FV5EETuNcNhg,–ö–æ—Ä–æ–±–µ–π–Ω–∏–∫–æ–≤ –ü–∞–≤–µ–ª –ê–ª–µ–∫—Å–∞–Ω–¥—Ä–æ–≤–∏—á,2009-08-18T20:00:29Z,82,29757,20,False
967,UCjaSeKdnPGviZREF6EcnJcw,Kritika Kamra,2013-11-18T18:56:40Z,20,243464,4030,False
968,UCD-9G8Ryrq9o7M3fEWk5rsA,Jihye Kim,2011-11-10T02:08:45Z,1,2749,12,False
969,UCXbBAdHOCyfUd6ruv_RUOPQ,Kurisu007,2007-10-14T02:19:48Z,219,98054,132,False
