,Channel_id,Channel_title,Created_date,Video_count,Views_count,Subscription_count,Subscription_count_hidden,Country
0,UCdzU3DSGzyWzN2118yd9X9g,Abdullah AYDIN,2007-08-24T13:54:40Z,39,141690,298,False,NA
1,UC0UnhAG47DRyVZGVcbhAXhQ,Saul TP Channel,2007-02-08T20:41:20Z,105,209322,658,False,MX
2,UCXjtAvK5P3wXBGh0vbGylzg,TheTVtaoista,2009-07-09T22:03:36Z,168,82936,0,True,BR
3,UCeKHMeUlcLNPLCLUfZUQI2w,Tiffany Hendra,2008-05-08T04:06:11Z,269,2421034,23100,False,NA
4,UCNWPDyaWf2eAHnofFLSnEMg,All Gamers,2014-03-14T02:03:00Z,2777,1674536,230,False,NA
5,UCdo4nsIhLYABKSnU9IMBvcw,RhinoCo Technology,2007-02-21T00:01:28Z,109,340060,1500,False,AU
6,UCZNDDbxNipTnfrSH4NpuoOw,TimothyMBoudreaux,2008-04-25T00:48:42Z,22,260259,156,False,NA
7,UCgg5HS1oVuMSoGRPuHo-b_A,Hawlo,2008-10-12T18:37:08Z,2586,28575729,163000,False,PE
8,UCCNZDSGjG6xEoz2lv4FThMQ,Travis Conover,2010-12-13T17:24:41Z,31,106558,37300,False,US
9,UCW0Dk2N7209dicPGgYNcnGg,H∆∞ng ƒê·∫∑ng Channel,2012-02-09T10:44:36Z,1,8,86,False,NA
10,UCq-di9ylxEtA-MAcrvwFrEw,dezeroadezfilmes,2008-04-11T23:25:06Z,637,24310022,11000,False,NA
11,UCDUi7yW7tJ7QWJZgK8sRLLQ,AvielNova,2007-12-23T16:33:13Z,605,8262383,5560,False,US
12,UCKMDuwPLGjt-nGHgNPOk5PQ,iMAVERIQ,2012-05-11T03:45:49Z,5807,182574861,508000,False,US
13,UC3pvtaMQ2b74u2dwUjhYMoA,braian7480,2011-10-20T12:48:54Z,1,4407,0,False,NA
14,UCaBmj7srjEN8hpcq2lcYQJA,iworkforbudlight,2008-04-13T07:37:07Z,366,13361265,16600,False,US
15,UCpjYH_3HgCYCBEj5kOZ250A,Mon Cruz Pinto,2013-06-11T15:56:17Z,392,767397,7850,False,MX
16,UCBFF3y6p-LqzD9bQSDgipgA,MadzGFX,2012-08-12T20:14:27Z,8,38139,441,False,NA
17,UCVjfxCDKw_1bfH9GzhfmuMQ,Chloe Temtchine,2007-09-20T19:41:33Z,178,5454345,51800,False,US
18,UCIqxsYQqmf-1rP7w18cDAkg,isus metodev,2012-09-23T12:59:36Z,8,36310,26,False,NA
19,UCqDbufe6xLQvj0ylR1B9FTA,Muzzi,2006-09-09T07:29:21Z,5,770566,747,False,NA
20,UC7gA_qnevZEg033B3fFfrKg,Im Fokus Online,2013-04-28T23:20:36Z,237,1633515,2940,False,NA
21,UCpJ-kuYqO3-FmecU4hViajw,Matthew Lim,2006-09-16T17:26:58Z,4,27773,52,False,NA
22,UC9fwbix0hNiFQ-nhU209UXw,pokeeffe,2006-10-25T16:05:06Z,12,45654,4,False,NA
23,UCuFlctNwFfnzjDC5UzB6fFQ,pokeeffe,2006-10-25T16:05:06Z,12,45654,4,False,NA
24,UCQowROOeb9i2uh3TBCKjsEg,Aptrip,2010-10-04T19:46:35Z,64,2502776,1920,False,US
25,UC5rEKljNZfKS14WhkZ9o_oA,frostbool [–ê–†–•–ò–í],2011-08-05T07:32:32Z,876,26119354,335000,False,NA
26,UCMxVXcnKrXzE9MH61GwjFzg,dorfman01414,2007-12-11T19:33:05Z,7,379887,27,False,NA
27,UC_6j2h3N5jNjx-IVWhIeXhQ,01RosiePie,2011-11-24T21:33:18Z,99,3560012,13400,False,US
28,UCjZ6Ay7M4-4k8rTiKpRJJUg,s07p028,2009-05-02T02:35:11Z,23,59682,78,False,NA
29,UCSfdh8cOnTt4qoyilCKVrgQ,MIRAENTERTAINMENT ESPA√ëA Xikitim,2008-01-20T11:22:25Z,80,632765,704,False,NA
30,UCfeHOn4Xgf6ZxQQBZ_Jzw_w,sanosakadoga,2009-01-13T09:13:56Z,118,1508945,2080,False,NA
31,UCq9E3PxrK42EO-a8-uwmgNA,sanosakadoga,2009-01-13T09:13:56Z,118,1508945,2080,False,NA
32,UCp9CMBa8SvcnldY6CUl7tww,Comune di Cagliari,2011-01-27T08:59:48Z,1293,602983,1860,False,IT
33,UCz48GslYrQBCAzmSDvXTJXQ,Daniele Canedo,2010-06-10T15:20:51Z,86,261898,568,False,NA
34,UCtfJaQB08iPTc5GcTwaMqtw,haris younus,2012-04-17T10:43:53Z,1,48884,131,False,NA
35,UCcb0muJBVxIUeOsyDr0u7Ig,Thunder Chile,2006-06-19T03:30:00Z,52,31736,52,False,NA
36,UCdt_4stK3iBBbzPtZfqMufw,–ê1 –ë–µ–ª–∞—Ä—É—Å—å,2011-07-25T17:56:26Z,1156,6361758,7540,False,BY
37,UCWPmknLYJuVSKV4Bqv04a1A,Stephanie Leddy,2013-08-12T20:55:02Z,10,9844,4,False,NA
38,UCxKqLvgx_iMIbpyaBfr7rIQ,STTR,2012-12-28T17:12:48Z,7,101135,0,True,NA
39,UCZ0mqihIUZbQV6D06TGaNiQ,pmilligan,2006-03-16T20:04:38Z,9,57354,7,False,NA
40,UC5JS3820CHv1cwcyEN70lgQ,PicupMage,2006-12-30T22:51:39Z,208,2467666,1820,False,NA
41,UCT6LaAC9VckZYJUzutUW3PQ,Game Sack,2011-03-27T22:30:07Z,380,71548338,259000,False,US
42,UCQQKMcjzoGsTQGVHwwR_HZA,maratungai,2011-02-28T05:34:51Z,21,68172,75,False,NA
43,UCbL8uzrp-nGAIhfuNcl7WzA,Blaine,2008-08-07T06:32:29Z,16,454586,2190,False,IN
44,UCvkuzmjHdWmMdJLGFFSt5mg,AntinomyRF,2011-07-18T23:12:04Z,186,604527,1800,False,US
45,UCWgK_4f2rYzU9jUru8-RxTA,nguyen son tung nguyen,2012-02-22T10:20:17Z,457,2226422,6960,False,NA
46,UC_1ZXxjRTcY5wX1MQ81rEdQ,chalinosa,2008-03-22T18:52:53Z,1090,66929529,191000,False,NA
47,UCNWE19wwZt6R6LoVk4gtlRQ,AnthonyA5555,2011-02-12T17:38:43Z,286,4712472,1170,False,NA
48,UCgX2EaVuwi0jstpTXrWQGyQ,AndrewAJT,2007-07-07T05:18:52Z,445,8192765,29900,False,US
49,UCCabTk9Qskbbi2nAgSy0MNw,INTANGIBLE SEARCH,2011-03-28T15:06:46Z,261,1022951,1880,False,IT
50,UCRhrB3agtA3afGvCx9DN6GA,Tun Tran,2008-06-01T09:13:05Z,242,1840519,3490,False,NA
51,UCuE1Ed6JqKgCZrF1PKRD9yw,nicole dineen,2007-01-19T20:22:16Z,10,5388,6,False,NA
52,UC5ljOmJyDE1JrGMkruvWCrg,HildeChristina,2007-12-22T21:17:00Z,279,4189735,18900,False,NO
53,UCoDkamsmzvrvxmZT9JdpONQ,agrofacchinetti,2009-03-31T19:04:52Z,11,248240,360,False,NA
54,UCgquFDyfTt6SWG1xXUKGiqA,Namine Ritsu,2009-07-24T21:56:37Z,42,265920,158,False,NA
55,UC31zdvJk5Sr2w5n4hklJX1w,Thai Song Lyrics,2012-09-17T01:27:07Z,2,272,9000,False,NA
56,UCJWrsIZjGI3aOgtoqD09x3g,praiseload,2013-05-09T07:01:58Z,12,2565280,4970,False,NA
57,UCny_hcFKMhkFjVcJZwWRrFg,aviationforeveryone,2011-10-05T18:44:10Z,15,161129,1250,False,NA
58,UC56-92630x0A7w_HrjK8AsQ,Studio7as7,2011-05-05T04:31:16Z,1236,841804,2790,False,NA
59,UCgRz5nuL14LD246x7HllIqw,JiteshLakhwani,2010-12-28T09:53:35Z,13,11602188,28900,False,IN
60,UCeBNABt4ejGeuaLz8QJK6Yg,TheIcehamster,2009-07-04T15:17:24Z,12,81998,59,False,NA
61,UCC5qXYhDHV1TY43_DWVvv1w,Deluxe2O,2012-05-27T16:04:33Z,1233,34730902,624000,False,US
62,UC02sVouxIghy3nLOm_RzvDw,Renata Barros,2006-03-19T02:47:20Z,27,7914,19,False,NA
63,UCOXTmmhdne0ehxsOAV_lEZw,Hardwareluxx,2009-03-30T15:53:55Z,1336,7160140,11600,False,DE
64,UC9E14Vftpl9xZY6cbTEs2LA,votografer,2008-02-19T04:15:20Z,43,28559,49,False,NA
65,UCoMYvfLxUfajoBTLm-nvlAw,ArcadiaNailArt,2012-02-13T11:07:31Z,78,7483337,100000,False,NA
66,UCgSDoVw1IaChd8mVsT6st7A,Stealthless,2011-06-07T21:06:20Z,424,33267501,29700,False,US
67,UCWIGwT2BhhCpjWjRgchiY5g,Stealthless,2011-06-07T21:06:20Z,424,33267501,29700,False,NA
68,UCnjnz6SAho-BFuOCk3lB_xA,ghog63,2011-07-05T16:03:16Z,99,4378898,17700,False,NA
69,UCWIw8jZ8WuGzJkfNBhzoPFQ,Bingeable TV,2008-04-16T21:19:50Z,2,843,71400,False,US
70,UC0qq90ZhYD2AA61Fp4RKBrw,martin raul Dominguez,2011-10-07T12:27:44Z,53,17915,31,False,NA
71,UCLJE1cvF9a___wz3h-U2EYA,JackMcJack12,2008-01-11T14:19:07Z,18,674653,111,False,NA
72,UCBNP3TVxHxtJJTWQfyC1ctw,Juan Trillos,2015-01-07T22:18:45Z,0,0,1340,False,CO
73,UC8G8kqkWlL6qIMDZG8DMPcw,VICTORHUGOAE,2007-07-30T23:32:28Z,5197,9015252,55300,False,NA
74,UCXHZkk84LkX7pdsagGCA-eQ,cantonrep,2006-07-31T15:31:31Z,3001,7967290,5130,False,US
75,UCRdDXp3LihrgoXg_wPO0Thw,unblackcellofreak777,2009-11-23T04:12:19Z,2,3835,12,False,NA
76,UCdSrV3OGGXu6ZsE-mF9l7aA,Alfredo Esquivel,2006-11-23T20:03:52Z,464,705450,1130,False,NA
77,UC0Wg1TUmlxj6ihalJPxHyqg,Angelatedo,2011-06-23T09:09:53Z,1249,139430748,278000,False,ES
78,UCy5Q86oJOrho-eZbc22DJSA,ELParqueCR,2007-07-16T04:48:12Z,44,666061,2860,False,CR
79,UCy4DstXG8Sxx-gqVOtY_pMg,Yoshiboy2,2006-06-10T19:13:47Z,17,1305102,3990,False,NA
80,UCy1F61QvUUQXAXi2Voa_fUw,NTT INDYCAR SERIES,2006-07-05T14:57:58Z,4167,88651630,285000,False,US
81,UC58k_P0vo3pibDwW-Zna68Q,Daniela Pulido,2008-07-17T04:41:45Z,5,202,2,False,NA
82,UCq5STAGBJGgTfSVk30T5yWQ,christinamariaa1,2011-06-05T02:14:56Z,55,144799,759,False,NA
83,UCU8NCah8lbB_e6mY8CqhDRA,Vida Extrema,2006-04-26T14:11:28Z,499,11650689,22300,False,NA
84,UC-gUD1u77R_fCYU5VJoe7zg,The Real Geeza,2006-09-25T20:25:15Z,1461,5285946,4300,False,NA
85,UCR4DZnk4TP-WYtf8wB55h5g,deuterbackpack,2013-09-23T00:06:19Z,21,405590,232,False,NA
86,UCqBNcBqhybw0vfqtpDgJ-Pw,SaveStef,2007-10-12T15:11:16Z,127,851844,338,False,NA
87,UC0Ec7aNF-i67aWHH6-BKQwg,Jo√£oaoaoao,2008-04-08T15:33:18Z,85,165917,589,False,NA
88,UCTn9b_cuSTtsDVNOo4EWKzg,loopy,2013-04-04T13:23:40Z,203,757713,1030,False,NA
89,UCbiPCnUx3WWb2h4H1R4uLBQ,dieselyota,2006-11-25T03:32:14Z,49,191314,131,False,CA
90,UCn9atqScyXLGnjNQ_DEXQ5w,byArteer,2011-12-15T11:24:17Z,2964,87128719,487000,False,GB
91,UCwyZMvRDBleBvllMYN2EoGQ,Mayo MA,2014-09-26T01:40:33Z,110,11926502,34600,False,MX
92,UCr4caF0n0P5kExMR8uWERJQ,NK-TV.NET,2013-04-17T13:59:28Z,1047,7262525,6100,False,NA
93,UCCVLeCM2GmwjDg2elXqojcg,Stonehopper1986,2012-03-26T20:51:34Z,429,1617686,1450,False,NA
94,UCfMnYQQtNI-jRwX1LSp4QXA,Buenavistacine,2008-12-23T12:18:01Z,340,61547436,27600,False,ES
95,UC_kbaOT64kspWcXIRrnmP2g,Henk te Kulve,2010-10-30T13:07:56Z,7,2598,2,False,NA
96,UCkYIV-GhZvKyrUyPetZpdwQ,Erin Duran,2006-08-22T23:43:29Z,36,301745,120,False,NA
97,UCtH1zjiEXG7pK_n30LXGpSQ,Angelheartcsn,2011-11-04T23:52:16Z,158,865420,857,False,FR
98,UCDJEz4SBUw0alJrd-G8r4Yg,NoobGamer4U,2011-02-16T06:40:48Z,24,6952,52,False,NA
99,UCj2BnNGuhrB_BXLoIMhkxiA,GROOV3Dance,2010-12-14T21:37:22Z,298,5026823,32700,False,US
100,UC--kMyYobbRpKDLzlGkwo6w,Baba de Mo√ßa,2014-12-07T05:23:58Z,31,107763,1340,False,BR
101,UCEM28LrpZS6qvC5re-hbTjQ,curryking1,2006-08-27T04:11:16Z,311,2245022,2700,False,US
102,UC1lBNgO-iUWIzJdelqXKAvw,Angler West TV,2007-04-20T15:43:00Z,824,12393642,34100,False,US
103,UCMiOdQQZ2CnQGwucXtV-trg,monstar1104 II VIPVIPVIP827,2012-07-22T11:28:03Z,42,5762095,14800,False,NA
104,UCMTadap4VoHJjwRq91-59UQ,b4se üëΩ,2011-02-15T22:28:25Z,108,522303,758,False,NA
105,UChmj5_aVSCk8DJZTGCJe8rg,TheRcReport,2008-11-13T16:58:23Z,110,110650,168,False,NA
106,UCl3nQ5f-O8iWmICHinAoh6Q,byconconify,2009-07-07T18:54:19Z,9,42079,14,False,NA
107,UCEIBdGrIkorV7EXW1e0GCqg,Pka N-D,2010-12-29T07:02:16Z,11,15546,45,False,NA
108,UCWYdaRNoeOWfS5s6GYaXLzg,musicelepiano,2010-02-12T06:28:26Z,22,164171,70,False,NA
109,UCrNdw9pjfStYU_10jkU9Fwg,MrLokitomadrid,2011-03-23T10:42:35Z,17,30189,1,False,NA
110,UC37bdEiP-uJreI5wtMwZAVw,TheSavagear1,2009-07-22T16:12:48Z,74,242667,449,False,NA
111,UCEsrx2HdQshx7LaoPINvrPg,karinto1,2007-12-29T08:35:44Z,371,6413067,1940,False,JP
112,UCyNzS_6-B9hnZWemuBpQgEg,Alexandre Pereira,2009-08-13T13:04:21Z,31,16703,19,False,NA
113,UC1XKoUVhwJIAiCzDw6avCAg,teman007,2007-08-31T03:30:05Z,6,19887,2,False,NA
114,UC-UEnvqjaf-7fcLJSCVspXg,deadashell,2006-07-03T19:04:34Z,11,179269,140,False,NA
115,UCnnbro6IhJ6kfjV3xw5KZtA,KuKuStudio,2010-03-01T20:33:45Z,12,1294960,1160,False,NA
116,UCORTeEEMFRKQTePwQJGZfUw,tommymay1000,2009-11-01T12:28:12Z,56,370318,175,False,JP
117,UC-VolW1nwETh9Ll1y2h1ueQ,rsaba,2006-04-25T17:10:42Z,7,14284,61,False,NA
118,UCK_k08qLykhW03fPP5P1kWA,CichlidDomain,2012-03-12T03:57:01Z,19,34836,140,False,NA
119,UCrfnNPLMIHZI-wDupFVPcBA,Mkohl40,2007-12-01T05:48:42Z,8334,51101878,89400,False,US
120,UC1cfEMDmx1gpLHsvU9mg_9w,lebed1529,2009-10-11T19:25:14Z,30,25667812,43200,False,NA
121,UC6USZimMmwjrbDGKjyaVwVA,Joe Feser,2011-05-14T15:44:44Z,33,173624,377,False,NA
122,UCSZUXGdzweAuksqVrrbj2Iw,BoernerGermany,2012-01-06T07:46:14Z,7,14732,12,False,NA
123,UC8FJ1dhYn4LuLWPv1TBZOoA,TRAPNEST8492,2007-10-30T14:06:55Z,3,13200,2,False,NA
124,UC-ofUgXWCeaMSfjX8mBCbBw,Bronzowe My≈õli,2014-03-30T15:01:22Z,818,179591075,395000,False,PL
125,UCrANDreLc7mG5mP66J6admw,Bronzowe My≈õli,2014-03-30T15:01:22Z,818,179591075,395000,False,NA
126,UCRNgihmjtQNhn_egg0Y6KDA,Orlando T Parker,2010-09-13T11:45:27Z,12,66727,53,False,NA
127,UCfUuMpX38c9_7jaCEYiDdkA,sauberf11,2006-10-14T08:44:04Z,2,32796,2,False,NA
128,UCxhns6nPe8EeAM1yD1tJgBA,Motorhomes of Texas,2012-12-11T03:16:32Z,665,1732431,3690,False,US
129,UCCkPbbLX7JCnEhnknohzT1w,Martin Chlud,2007-12-16T15:54:24Z,25,1282120,1170,False,NA
130,UCmI-YXEUHMu0ao7kKjuTAgQ,mortenkvernmoen,2007-11-29T19:07:27Z,5,3332,0,False,NA
131,UC9PILq9AJuk2ZYkD69Qo9nA,–ù–∏–∫–∏—Ç–∞ –ê. –ö–æ—Ä–Ω–µ–µ–≤,2011-08-30T20:21:48Z,13,321427,205,False,NA
132,UCnJutVTtn3ZXyapoGUmuRTA,SoupRS,2010-12-17T19:34:06Z,1167,60272863,189000,False,US
133,UCOeIQDlcWZk7n6S4-soaAGg,Yggdrasil Tarot,2007-02-14T04:50:37Z,0,0,282,False,NA
134,UCpa-hho2NHxC47LYmGixGEw,K Gary,2009-08-22T12:22:17Z,54,529506,257,False,NA
135,UCeXY-D7RTVIIOuKP9HB35Ig,MrJacob,2012-07-05T18:50:14Z,7,14802,13,False,NA
136,UCe0eBOd5v3GOWTCFX-HxKsw,dannyjdr,2006-02-26T02:43:54Z,7,4841,7,False,NA
137,UC9Yi_hWXTZlMVZSAvTBLBnw,Braziliano Al Mansoori,2008-01-17T14:07:20Z,11,8599,10,False,NA
138,UCEioe55oIi8WGww0S9HtpzA,OM filmiStuudio,2009-12-11T19:26:09Z,68,138275,196,False,EE
139,UCttWHTSCu8IRnxZQ7SB6n0A,FourSwordsLord,2007-02-24T19:46:25Z,2358,24326637,11600,False,NA
140,UCpiK1YCS2GnYUVN_UCrT5Ng,BRE4MINIDRAG,2007-08-16T12:35:40Z,147,1954049,1000,False,NA
141,UCJlKhBw4YLmG5gy6OYuOl_A,Gabit Abdimalik,2009-02-01T13:07:18Z,24,1402716,1440,False,NA
142,UC-H-A3Uwh1p0yz-ZBocFK7Q,sara feltrin,2006-04-06T12:23:03Z,17,39011,47,False,NA
143,UCsWWKbPsXvPm6gbc8NDLZLA,Honor Bound,2013-05-25T12:43:21Z,5,69900,203,False,NA
144,UCHVLKtu4iaKfBUscsxb510w,Tom Petendi,2006-09-11T11:32:05Z,122,1412931,2750,False,HU
145,UCHIwQiZhIn6fm5b_IilqBbQ,DaniRep | +6 V√≠deos Diarios De GTA 5 Online!,2012-10-29T20:05:51Z,9926,5866687591,11300000,False,ES
146,UCAQsSq6zk_RLaYIfRPrqE3w,polish8282,2006-11-20T19:45:23Z,12,36678,14,False,NA
147,UCcw1Qs2-_gZA4s51BkCdseQ,Rodechi,2008-04-25T00:42:04Z,129,127332,120,False,NA
148,UCRxDTCmIjgli-Xgh2KPE9dA,„Ç∑„Éç„Éû„Éà„Ç•„Éá„Ç§,2006-11-03T21:51:00Z,16678,2550198601,2160000,False,NA
149,UCt4uUPXTEgGwEZbchC1VAYA,aznpersuasion2008,2008-07-15T06:05:51Z,2017,31939539,76400,False,US
150,UCUtZaxDF3hD5VK4xRYFBePQ,Britain's Got Talent,2008-04-12T21:10:21Z,3019,9398372928,16600000,False,GB
151,UCtnboZiB_Nqif-YNtp4aB7A,DanceOn,2006-05-06T20:36:45Z,2088,640529033,1860000,False,NA
152,UC7W4SLNcEGIb9iq4-XtaNng,ÍπÄÏóòÏßÄ,2012-09-07T04:25:50Z,1,3161,2,False,NA
153,UCMATRiSVZ2ISwBHQiNkFWrw,JulensMan,2008-11-29T10:27:52Z,237,7027397,1830,False,NA
154,UCm68FLDkrkxJ7SdoDSMnJpg,–ü–∞–≤–µ–ª –ö–æ—à–∫–∏–Ω,2009-06-04T15:00:07Z,228,634256,262,False,NA
155,UCnwgxNhrMK4CxQxgDuE3zvw,synthartist69,2007-12-07T21:31:28Z,1325,4937261,7530,False,NA
156,UC_BaxRhNREI_V0DVXjXDALA,Porsche,2005-10-18T06:12:36Z,2265,395195495,1010000,False,DE
157,UCl9wrgGC2MAEfl6PqbFfR_A,TheRulerOfPlushRose,2007-07-10T18:16:51Z,6,519881,433,False,NA
158,UCnUU48FFRDsyTC6R90Jvqwg,„É§„Çπ„É¢„É™,2012-02-22T02:22:25Z,977,853914,1720,False,NA
159,UCeR4TZywTWya4zo38b_8hdg,HarpuaFSB,2006-01-05T18:19:10Z,502,8917954,11500,False,US
160,UCNW-XFAFkHcLmD_PhY8O9hA,shaunlss,2006-11-05T08:09:06Z,10,40701,11,False,NA
161,UCp1b_STYnVuWnn4YRJ9Cbhw,pixieriiin,2009-07-09T01:57:28Z,90,444448,2510,False,NA
162,UColGCeicDD7itc3NZ71qeYA,DZMISTHEMAN,2008-02-06T04:47:39Z,4,6854,1,False,NA
163,UCWONS8Rwe3-5Y6h0S5kdyyg,giobbe bhs,2008-05-13T00:08:50Z,646,10378745,13300,False,IT
164,UCPeACP9gjNLMPnSH8vk81PA,chickentime182,2006-06-26T21:08:35Z,62,707211,407,False,NA
165,UC3g5hdo7-s_dkMuw_QaQBCA,Weapons of Mass Gaming,2011-02-10T01:28:17Z,1638,3591586,5360,False,US
166,UCchiov_1kNqpRaOl_o-DiFA,Nearsighted,2010-08-05T08:26:25Z,37,1950751,17200,False,FI
167,UCzsVtOHj1BU1kFVhzcm2Zgg,BoxDesire,2012-03-09T17:17:41Z,114,9969372,39700,False,US
168,UCKpjCjPe_-4G8Tp6x_NCOAw,Vasco da gama,2011-02-12T00:42:06Z,130,3286225,10700,False,NA
169,UCROGAM2vq9kCLmQ6j4y1xdA,Alberto Lombardi,2010-05-04T09:45:43Z,181,669575,7240,False,IT
170,UC6-o4kl8D4P1HtouVnWf5tA,TEC-IT Software,2009-10-19T09:48:14Z,145,6934857,0,True,AT
171,UCQbXvTBkjb0h0QuRS9l7vNA,Jos√© Israel Ordaz,2007-08-29T02:21:00Z,6,97413,80,False,MX
172,UC7w8GnTF2Sp3wldDMtCCtVw,Stretford Paddock,2013-01-09T10:34:05Z,7179,251704922,581000,False,GB
173,UCl3soA3A1-Rvx0vdoCtBXiA,SimiValleyKid,2007-05-02T23:02:53Z,8,12791,4,False,NA
174,UCdRQubBW_YEY9tDFXxqZk7g,mReXpeR4,2010-12-22T20:05:22Z,7,1120714,538,False,NA
175,UCju1iuBcl-Jb_di_KQ7CyRg,Techniqued,2006-11-29T08:56:59Z,4574,139426861,379000,False,IN
176,UCltLGEyRxWAoMLGzB9wYlQw,Machinima Respawn,2009-12-08T03:56:22Z,0,0,2460000,False,NA
177,UCjrTCHHo6ArJrszI72J6mtw,Magic Wrestling,2008-08-06T21:32:51Z,35,9845908,12800,False,NA
178,UCQXI4dGbasH2nMOzZRB2Heg,BlackFox2240,2008-12-12T02:37:40Z,2540,29573316,25600,False,US
179,UCy_nPhSXxHnihL-9Phug0AA,BlackFox2240,2008-12-12T02:37:40Z,2540,29573316,25600,False,NA
180,UC46hk4nW8LZ4ciCrLJpLxdw,MrHoneyHammie,2011-05-11T15:19:39Z,291,5569141,5050,False,NA
181,UCDGmIjVK68ULRQnyUAoGgAw,Mike P,2007-06-29T10:30:43Z,57,323199,77,False,NA
182,UCzhdUe_X8bCbFvNSeQUIFng,Kelly MacCoy,2012-05-23T04:21:48Z,65,1162826,2590,False,NA
183,UCrJDNlUPWtPSu6kmDPnTyJQ,Miinto.dk,2010-01-12T20:30:10Z,53,214426,186,False,NA
184,UCj0QsxcE_JRu1YstIIF76og,BritainsGotTalentHD,2009-04-15T20:28:49Z,68,8885858,4590,False,NA
185,UCy9HnNMLyRz_MiO_nOhhijw,Volver al Origen - Agua Kangen,2011-06-06T21:32:16Z,59,192708,493,False,NA
186,UCqheS9rd4_nojHk3H-FR2XQ,DPJ,2008-01-01T17:04:02Z,4488,336492965,1020000,False,GB
187,UCu4CLugrCWnpB7iDHDR3akw,trowako,2006-08-03T14:56:10Z,153,4209660,365,False,NA
188,UCVqctw_4onzfN_wnOgQKYXw,Esther Chuang,2007-12-10T04:20:39Z,37,74040,313,False,NA
189,UCOjw-GX9DMmEPn43eprY5gw,Esther Chuang,2007-12-10T04:20:39Z,37,74040,313,False,NA
190,UCRz0xsWzleLU3EOyKu7L-lg,kathe1209,2007-04-03T14:05:29Z,13,4335,1,False,NA
191,UCJnc3w9sBoozXP5RQ15CBRg,applecore1989,2008-09-01T14:09:01Z,13,70495,76,False,NA
192,UC98Hk0dfZPYiZUPJY3IVUMA,Robb Sutton,2007-07-14T03:13:40Z,123,2479773,10100,False,US
193,UCixInvC05-KR6pvhqg_sZSQ,LPBaldia,2011-03-06T05:33:15Z,758,2520568,4640,False,US
194,UC6OQnvhRoWwMZGscP-XUYCA,Mausc Jogos,2013-07-25T03:17:09Z,31,447231,825,False,NA
195,UCDZyIwZMkRtb8IP3Mbwl8zw,Angel Manaar Bellydance Superstar,2006-08-24T00:25:55Z,50,174149,330,False,CO
196,UC8P_gJ6aCVv51J75v-JA27g,Dandy J,2006-04-04T22:26:33Z,766,11508507,7250,False,US
197,UCgjMHGQ2asROtNWhAu5MBuQ,aznpikachu215,2005-11-04T23:19:07Z,2382,49181164,68700,False,US
198,UCbKhummQreunNafJALxRp5g,Big Dude's Music City,2009-03-10T15:15:46Z,41,29532,28,False,US
199,UC41lvjrDswwUc7X4d80bA2w,BalloonShop,2007-08-29T00:32:16Z,88,64968450,235000,False,NA
200,UCgqx_CBOTiv8U_mk56DrEig,artifexionall,2011-05-11T12:56:39Z,28,115368,25,False,NA
201,UC2gzLahvy-zwTV9AwNdhZgw,Kevan Paul,2010-02-28T23:23:59Z,82,132792,623,False,NA
202,UCfQKqzsyvHYiajiyrgpzSqQ,ahsanfm777,2011-10-13T18:22:25Z,2,11011,10,False,NA
203,UCbzEcb-FnsprBRyYuuWDaEA,CruisinClasics,2010-05-18T20:22:06Z,263,59888,43,False,NA
204,UCteJOOR438YLzNCNBnEYBLg,Heeran Kim,2012-12-23T00:07:43Z,2,6960,0,True,NA
205,UCL7L9Dl__Pr32JFU7V4u5hw,Old17Productions,2007-11-29T14:01:40Z,44,176497,94,False,NA
206,UCrgoTjEg8Ig9uqzZBXkUcpw,Watersafe SwimSchool,2011-04-25T17:54:26Z,1365,52966281,175000,False,NA
207,UCoNKUzSql4qUXaMa0qwwWIA,danilo marques,2010-04-20T23:33:40Z,6,36620,18,False,NA
208,UCxoBONIH2g_i4NKZIiyoPJw,tmberli,2007-01-05T20:37:12Z,13,27467,12,False,NA
209,UCxYzDgQE1KxmU0lpPNnC0gw,Maxime MXam,2007-06-22T09:42:44Z,55,1208391,3210,False,NA
210,UCPJgYyZfwCBkv222WYCN3Qw,MvPancer,2007-11-11T10:49:06Z,8,9001,2,False,NA
211,UCK9-jd6Vv_f5xgoLE31e12g,All Things Kpop,2014-06-17T19:45:30Z,228,417954,1130,False,NA
212,UC6ciUUMRms4L-LLz9LKfdrQ,Uniesp Oficial,2012-09-28T17:08:38Z,1387,2744672,18100,False,NA
213,UCGXROVmHl6iJtO67vv8TS4A,Jeffrey,2006-11-04T20:55:17Z,2,27439,4,False,NL
214,UCj_YB3cKoTAWwXWj_HikxQw,Eurogym bvba,2013-10-30T14:39:54Z,34,356734,482,False,NA
215,UCJRMOYY6Tf_w2yQ_6jGZXmg,JRSportBrief,2009-04-01T01:25:04Z,2008,81556753,104000,False,US
216,UCkENYw0PRQdwo6mV2nMDONQ,"Œü Œ∫Œ±ŒπœÅœåœÇ œÉœÑŒøŒΩ ""ŒµŒΩŒπŒ∫œå""",2014-01-23T17:45:58Z,388,1805786,1460,False,NA
217,UCl2nBtaD20xnQhSoGmD25WQ,pfingstrose1981,2009-10-17T11:31:26Z,75,58708,78,False,NA
218,UCh_K4-2-Quf55BA8aMoDQ_w,√áeyizlik El i≈üleri,2011-10-06T23:05:53Z,622,28322699,71200,False,NL
219,UCbu2SsF-Or3Rsn3NxqODImw,GameSpot,2006-04-09T02:01:54Z,35372,2806538958,4600000,False,NA
220,UC6ffr2IsErZIv03eqp4V_Zw,Michelle Olsen,2009-07-27T02:59:06Z,24,125314,68,False,NA
221,UCiEx-V0EAgaR6EGcMe9TSDA,MuseHD,2009-01-29T15:26:31Z,19,274856,264,False,NA
222,UCT1XviyXCuYgG2D6m97Pa0A,ptiteju1007,2007-09-14T11:24:03Z,5,6673,0,False,NA
223,UCJo3iU_2Ji6Q6aTieypJOnQ,Felipe Mattos,2006-06-14T00:52:17Z,38,119573,163,False,NA
224,UCRlNuNXnK8W6i9wkb6Da1WA,Dash Shaw,2009-01-13T00:30:29Z,12,610462,475,False,NA
225,UCFh-pzkzGa200ZkEHmNQPxA,Bustaxel,2008-09-04T13:07:36Z,8,1095191,285,False,NA
226,UCBqoK_z14RmvqEU-Jo_VicA,RFNB92,2009-03-30T14:03:24Z,1,3522,2,False,NA
227,UC5ikmAX8WAoIdPgB9OrSrzw,Bryan Loeher,2012-04-06T00:47:45Z,75,1315307,640,False,BR
228,UC6EuztGj-iEgpPx3XaTrFPg,Bryan Loeher,2012-04-06T00:47:45Z,75,1315307,640,False,NA
229,UC6W76RWijOhx3dY9Ja2UigA,BigBlueRoadster,2011-10-22T00:57:50Z,14,205126,329,False,NA
230,UCedDv5zYKS5naBCRuv3M_ag,Ari T,2010-08-29T21:29:33Z,126,393735,2560,False,NA
231,UCk1OsvdPasZXHL56x-oBIwg,FussballJuli2011,2011-06-29T06:52:31Z,103,66542,13,False,NA
232,UCRABCYIg89ns2-FIEzRIldQ,RVFreeDa,2009-12-14T18:03:49Z,691,1420994,3310,False,US
233,UCwQqeblRMlew5AzrKHseLuQ,Jakub L,2013-07-01T12:37:13Z,150,179705,63,False,NA
234,UCEOKTdgjA4fGPC0slR34J7A,lacrichat,2006-09-02T23:06:26Z,110,229647,99,False,NA
235,UCKPrGrzWHmHcmJwdm5BoJ9g,Ramneek Singh,2013-08-29T06:29:00Z,95,372083,450,False,IN
236,UC8faoPBqt4LQBymT8RNUo7w,S√©bastien Bagat,2009-09-06T16:27:20Z,120,2027456,4110,False,FR
237,UCSW2Lz7uZgAV13FZQdCtWYw,blake3one6,2007-02-16T21:25:42Z,1007,28849291,67700,False,US
238,UCWB-YmICnslQBDcEE9m_SUQ,trakkie1000,2010-03-21T04:44:11Z,8,12507,17,False,NA
239,UCwcrUeljc2qpkEd6xqvoC4A,Vijay Kumar,2011-04-02T21:56:21Z,5,5160,110,False,NA
240,UCYIkDsYBOSp43OkU-kdW25w,Uplifting PostTower,2008-07-30T17:34:47Z,1057,2361440,2090,False,NA
241,UCBWI-ynROTl_jNeHTRPnI7A,Susan Pang,2007-05-09T00:56:15Z,750,764447,604,False,NA
242,UCK4jWIPKlmyUyoL5jbe1puA,Jasna Gara,2007-09-24T19:26:04Z,20,152247,271,False,NA
243,UCgYLm7Oa-SowtuvSa8izWBQ,SimCey - Ceyhun Kocakanat,2013-10-17T15:56:10Z,799,46252396,226000,False,TR
244,UCxvXBzkL4s5HMfy0khkatOg,IstitutoCappellariFe,2012-01-17T12:21:42Z,91,80704,0,True,NA
245,UCyS-uQd1h_s3srTqt-liylg,raleigh white,2010-02-21T17:02:40Z,9,6243,7,False,NA
246,UCGNuA2Fg8X0frfChEhJrHdQ,Eric Breaux,2007-07-14T20:41:30Z,180,2555297,2000,False,NA
247,UCLO_71CwJqM2MhVLxhpoL8g,Trickshot726,2010-08-18T02:27:21Z,188,13817241,17800,False,US
248,UCAwfXm7ZmoQT5fYhbBjGXvg,moiseemonts77,2007-03-25T08:01:15Z,15,79011,9,False,NA
249,UC_ZY4lz9zqJcrBfBmFf-_nA,Karushi San,2013-07-22T08:48:54Z,2,2085,11,False,NA
250,UCxc9rx9oY5MWO7C8XuUIONg,eboshi2008,2007-09-23T07:35:40Z,0,0,9100,False,NA
251,UC5tU6DGXITzcDpqBqNzXdJw,Renat Agzamov,2010-08-05T04:41:50Z,84,7971096,97600,False,NA
252,UCZFVipGKYQxwwAOYwiIMEyA,Residents96,2012-12-13T18:58:15Z,70,8663360,87900,False,PE
253,UCym_ErZsNpqkrdAvDgspoGA,faithmiracles,2007-06-04T22:58:43Z,18,344520,525,False,NA
254,UC40NTfiV3DMsUbneF6HH53Q,Felipe Roman Sitjar,2008-04-25T15:10:07Z,1,3308,1,False,NA
255,UCSYbLCirM4rm85Xj7fGD-Ig,wgs1955,2010-07-29T22:08:03Z,208,481730,859,False,NA
256,UCFdEMYmiimq2uKmOMaBfPLg,INA Histoire,2012-05-31T14:57:08Z,2555,33733598,134000,False,FR
257,UCR9sm7yi5rvVsTJuzC2qn_Q,OldCat,2011-10-28T14:58:42Z,2,22,50,False,NA
258,UCN_Uniubnrgb2YmgRvDYJIQ,Reconnecting to the Earth,2006-10-11T13:02:29Z,23,34384,44,False,NA
259,UCKXiSBmhHe-ZFJwFokAcO2A,Luci Ray,2011-02-12T22:30:16Z,175,230048,369,False,NA
260,UCOIQrwCGTj_3hdewlVuqdxQ,TerafabGuitare,2013-07-16T18:54:55Z,325,11361306,33300,False,FR
261,UCAxtwo9BaGFtDYO4fOyS2qg,Marvin Price,2010-12-02T04:34:50Z,2880,40030828,53100,False,US
262,UC4Q34bijQU84lX-I8ahvIEw,GOYO OFF ROAD,2010-11-27T14:37:02Z,165,1172034,1410,False,MX
263,UCDO9YkkFuuz9iGe2XIhYwhg,gofeminin,2013-06-25T08:08:21Z,4074,67480799,101000,False,DE
264,UC7GsR6NwKEy8SmDKRtXdIZw,Carlos Rick,2012-08-10T20:36:40Z,375,20689854,110000,False,BR
265,UCWkkE6ObowGRcCywNsw2C1g,Ph√∫c ƒê·ª©c Nguy·ªÖn,2012-12-06T00:45:34Z,152,1053865,942,False,NA
266,UC1AaN96kgESTBy36Nfaj8tQ,Captain N,2006-04-15T19:31:12Z,127,1784022,946,False,NA
267,UCXPsEBU_BHCMLpGh2Uh2_NA,Vince Choo,2006-06-09T07:30:53Z,173,1336685,1010,False,MY
268,UCJkjyDU_oEMvsSk7ql5FMOg,SamGames,2012-03-11T11:15:52Z,473,368221,1170,False,GB
269,UCCz7LA2yhTOwHTcTgwv37Pg,Infoclima,2010-03-18T19:02:58Z,8968,8203235,15700,False,AR
270,UCKFrD1MP7HtFARafErJs2eg,Kontigo,2014-09-19T11:02:17Z,125,9751314,3030,False,PL
271,UCbG4ZYJ1AAZlSbGRDHUP1YQ,Visually Creative Video,2010-08-06T13:49:48Z,138,196211,0,True,NA
272,UCWIlNOmXhGHXnmZjkAICJXQ,shrinker0313,2010-02-21T16:11:01Z,284,1290657,5610,False,NA
273,UCkeQp-ClM7FAVSu_WFPYg0A,Jauke,2007-06-29T09:43:39Z,1470,3267799,1050,False,NA
274,UCzy7ETKU4ZQStaJqnf9QDhA,Bajavida Bv,2010-10-11T22:57:44Z,41,500195,1640,False,CL
275,UCGYCFw-RMJpylPQsTEVzLfw,TheLugho,2012-04-07T06:40:36Z,4757,265189593,0,True,PE
276,UCPzHmCs_KfWtYWyvEMgn-Bw,videosporalex,2007-11-01T21:46:31Z,422,3413564,1150,False,NA
277,UC4O12pQmRJAyR_GPmAGu1pQ,Mile Kitic,2013-05-23T20:25:08Z,897,496563001,441000,False,RS
278,UCSVgcUvTHfm04KLfO-1ijow,Brian Brandan,2012-07-27T02:55:24Z,2,410,193,False,AR
279,UCdGYCsxWgEHdpR0ayUop-gA,MrUchiha,2009-05-07T22:26:23Z,13,51524,508,False,NA
280,UC_3tWe0VJmm2W0_mX0Lr2vA,HugoRodrigoBiaggio,2010-03-23T13:54:18Z,2,6576,0,False,NA
281,UCWaqnXjOAswBNh5p-aqjtgw,Diferan Production,2012-02-25T03:49:33Z,20,45515,121,False,NA
282,UC5pHsEgqldVaoiaWgVuKqFQ,SOKBenny,2007-05-12T12:48:46Z,3,4080,0,False,NA
283,UCGO8yBktFX2PjDsh8BZ1U5w,Mauro Roots,2010-12-01T16:37:46Z,15,246431,937,False,NA
284,UCsDb4OCZahFOGTEIflJ5l9w,Mihail Nacu,2010-04-15T09:52:10Z,9,51660,44,False,NA
285,UCLpJ_RriBKixFEv-oXXqhfw,nearfielt,2008-06-18T22:47:38Z,74,523746,79,False,NA
286,UCR63NSVAXOhuOThmjiglH4Q,Smokey McPot,2009-01-31T04:47:16Z,45,491823,1850,False,NA
287,UCtpXCdPZZpN_9dE8tZe6Avg,–û–ª–µ–≥ –ì–µ–¥–∑—é–∫,2009-11-19T17:26:33Z,8,45262,11,False,UA
288,UCjCCIO9WUKbVXCUMK2FRwzQ,adazain,2010-09-05T03:41:18Z,3,2348,3,False,NA
289,UCJEPf8YzOQVDDkw1f886jXg,TeamSamuraiX1,2012-02-19T17:08:19Z,2152,111184963,377000,False,CA
290,UCQ6y-mdce53kwAwsvVd8A9Q,Bells CB,2008-07-01T00:19:57Z,2081,5051744,12300,False,US
291,UCT6PN1pkGMdUVZSCUdX4P9A,Bells CB,2008-07-01T00:19:57Z,2081,5051744,12300,False,NA
292,UC5H8iioT8qY9Jl02SoMsWCw,Pockify - Tech Gadgets,2012-07-28T07:28:32Z,601,4048218,32800,False,NL
293,UCKtHI2QDc5vC5Lawtnh-Mvw,UnclBuck25,2007-06-18T21:19:40Z,30,69150,47,False,NA
294,UClae0X8wy1MN9E7-2WaQncQ,Game Channel,2013-10-31T17:08:53Z,456,8043519,6020,False,NA
295,UCVrNPLdPj-FqkRmrDmFNyaw,napi,2012-10-05T07:50:31Z,127,134988,181,False,NA
296,UCylLFgHKGVyDPp1Z5J3NUwQ,Susanne Starz-Juratli,2012-03-05T06:23:36Z,2,21162,21,False,NA
297,UCnSUAPGgau9NJc8KrDFSpJA,HOMELESSRYDER,2012-07-24T15:54:08Z,187,725187,2840,False,NA
298,UC1JBVquh7RKomHhsevSP2jQ,GatdaD,2010-09-02T05:02:52Z,201,2303542,4230,False,NA
299,UC_PzRdpPeVf6ddzGW4W2gig,DƒÅrznƒ´ca DƒÅrznƒ´ca,2012-02-07T11:22:31Z,50,261635,912,False,NA
300,UCJLUHIhxU3bOu_EcPFyMyhA,FerroDavide,2010-02-10T14:40:48Z,2,4026,6,False,NA
301,UCVCd0Dw5PDTCwimmecTOiww,VTBUnitedLeague,2010-09-15T09:12:44Z,4394,13467801,19700,False,RU
302,UCCsFejxbviSj4fzaD1LPJbg,CircleTreeMedia,2010-05-13T15:53:28Z,191,1614606,1760,False,US
303,UCMG4zaQpqs7c15Oj__JgbRw,Mono Gallinas,2013-06-27T21:05:59Z,5,22530,507,False,NA
304,UCm8Gg6SGUcBsgErqNuBX5KQ,stregerlady,2007-04-29T05:12:35Z,1,1724,1,False,NA
305,UC2D4uy1mnE98DJP5s1vzn-Q,sato hiro,2011-08-02T01:03:19Z,29,38731,26,False,NA
306,UCSeB1BLJzvsEuInHsXqxEUw,elksabedecp,2012-02-21T15:51:37Z,20,8067,21,False,NA
307,UCsQGy9MZlrT7DBL9tsKamxQ,xS1LV3Rx Eclipse,2013-09-08T06:48:53Z,13,4192,731,False,NA
308,UCHZEnEW9SjSNDRU5Yum6qUQ,mert inci,2012-09-18T07:35:37Z,18,9619,5,False,NA
309,UCPuTZ5Rw171KAILaJDwp1wQ,Twenty3,2012-10-12T19:09:16Z,22,41087,444,False,IT
310,UCVXVfZ5ryrcp1TgxegnpFBw,MechanicalSculptor,2009-11-16T15:09:09Z,21,1321156,4320,False,AU
311,UCTiL1q9YbrVam5nP2xzFTWQ,Suspicious0bservers,2011-05-02T12:42:23Z,4250,158222979,518000,False,US
312,UC4K9nmnB3-TKJjzwTgxSPoQ,Suspicious0bservers,2011-05-02T12:42:23Z,4250,158222979,518000,False,NA
313,UCMhZyW4q91QAzBxhj8IX5vA,majorunderscore,2007-02-06T19:28:46Z,282,12064348,3530,False,NA
314,UChHkr2LeEjwBOHWL75LtvYA,Vart vartmaz,2006-08-30T05:49:45Z,43,2093438,3540,False,NA
315,UC787mhTiKSh0iE9PBX6pM4g,mssic1,2009-08-04T17:09:52Z,47,15408,120,False,NA
316,UCEideiopjVaxdQsmAQOXyyQ,L3ŒõM√òN #,2009-03-08T16:35:13Z,4,18511,638,False,FR
317,UCMUlt5fBuiMx_o3_cbo5PDA,3SerasVictoria3,2008-11-18T22:38:34Z,86,4261833,788,False,NA
318,UCjqakGiLMbvQ8FqWQKXsBkQ,StampinClub - unabh. Stampin' Up! Demonstratorin,2011-12-16T09:09:31Z,234,1444115,5140,False,DE
319,UCfvkj-ggeiPT066ByKgg93Q,EMRACOMOfficial,2012-11-11T19:35:05Z,1261,353746954,161000,False,NA
320,UCo2REL5JgQ3v-QqMb1g1lIw,Elevatethesong,2013-03-12T23:21:29Z,52,760859,1100,False,NA
321,UC8bJfF2sVcLW92EcYtQ_Tww,Derrick620,2007-06-22T14:15:50Z,42,435448,47,False,NA
322,UCeQf8mZkzUswAL42uQs84iA,WorldSBK,2006-03-06T02:52:48Z,1977,54932467,179000,False,NA
323,UCeu7XHEbM_aAGm6xP6Hnorw,gearwire,2006-08-09T19:10:12Z,4323,69574715,57100,False,NA
324,UCcE5BQzPpX1eAqX_RjIIqBg,Bernard Bourasseau,2010-12-09T14:05:38Z,15,248722,564,False,NA
325,UC6VdHmorTBm6IGFJrLlFuew,WunderHeuteTV,2007-06-26T06:50:08Z,212,3580514,12000,False,CH
326,UCk2hNgDiYwnxGiVKLAbz36w,fkENGKM,2009-12-15T15:34:57Z,208,1747335,1450,False,NA
327,UCuIJWRaLX6yP9A9SsRgxa7A,Justin Rudd,2006-05-11T03:22:59Z,1428,2337606,1050,False,US
328,UCcbqSG3k30oHXbFs9cDYvWA,Kammi Neko,2011-04-11T23:23:38Z,82,833432,858,False,NZ
329,UCxBYHOQINij4SwdRNczoTaw,Rookiesteam,2006-11-17T21:34:33Z,154,1352547,1600,False,NA
330,UCLINPbYQ9sy6qc-TqtBeVnw,auto motor und sport,2007-08-01T12:40:42Z,3137,197710238,364000,False,DE
331,UCcSeeATlWJJbXpOZRYOfaDg,Mustie1,2007-08-05T21:07:29Z,1450,195329119,525000,False,US
332,UC6lhT3obp7Yf0iQH4wRLVHw,uma ksr,2009-12-05T05:12:59Z,1,50975,84,False,NA
333,UC-1g6IDDRsReIMnIJKJcc_Q,Neil Saunders,2006-10-09T13:05:52Z,28,8971,10,False,NA
334,UCTDnFFG76UV07OgvMpmD1Tg,RICARDO PENTE PARA TURBINAS SOROCABA SP,2010-01-04T01:24:32Z,1573,54746441,105000,False,BR
335,UCjhRMHxiHQE7RV36e9JeEQg,Sean Lascelles,2010-02-25T14:20:20Z,2,8369,5,False,NA
336,UCAcbfpFAA0k0SPLmZlgWYhA,tupapa69666,2008-01-20T22:39:55Z,10,501859,410,False,NA
337,UCvMyD8ecaYW5glzQF7dgeaA,Susan Dadres,2007-05-21T22:54:02Z,63,67595,20,False,NA
338,UC_ydRj9p48PgpgSwr5SZ89A,BBK Hardmode Entertainment Production,2009-06-10T06:35:26Z,233,4108779,0,True,HU
339,UCphz8ckXEvP7AJ6t-Od0qsg,DJRonnyT,2010-12-15T00:48:25Z,10,3256,2,False,NA
340,UCwLn_5lHFrclLEXbS0ogu5g,‰ΩêËó§‰ªô‰∫∫ÊñáÂºò,2010-01-16T13:56:24Z,79,1759781,1120,False,NA
341,UCtpLbWEaULGAPWBAj9L5_DA,MccomInc,2008-09-03T14:45:29Z,37,83051,63,False,NA
342,UCVbsDKvlrcjyUD50W3pTzSQ,Comics on Comics,2008-03-28T03:59:16Z,96,187333,574,False,NA
343,UC84xfE6pe7GeX_4RxzYVkOA,Brian Sikoff,2006-09-24T16:17:49Z,231,334514,94,False,NA
344,UCDP8SYwrH5oQfxBRo92MODQ,marcosbay,2006-11-25T02:44:12Z,2,6223,12,False,NA
345,UC5kC_Ufdjb6-2Eiiakp2G3A,piuskerala,2012-05-01T13:26:43Z,102,341498,447,False,NA
346,UCSmS6sWsIZRkBH5p438IUmg,piuskerala,2012-05-01T13:26:43Z,102,341498,447,False,NA
347,UCFSK7Yl9UANJ42kRD5hcaFQ,piuskerala,2012-05-01T13:26:43Z,102,341498,447,False,NA
348,UCHKnKNMXGs9gV7ago_cpHMA,NKatzFilms,2012-04-25T02:50:08Z,36,1031976,2520,False,NA
349,UC6LA4vk3pMxCkogsGWonIKQ,Artem Lutfullin,2006-09-11T15:19:24Z,44,4773513,5160,False,NA
350,UCHzbTUXnKX2gSr3hvXXjxlQ,GizmoTij,2007-03-22T00:21:58Z,160,2575487,3720,False,MX
351,UCJMQxg81E1HwVuD-5I2C3oQ,Caesar0024,2008-05-23T05:56:50Z,34,222771,32,False,NA
352,UCVXA6A5S8ZVDDxk99okt83A,Lucas Oil Off Road,2009-04-16T19:26:19Z,712,7522669,21000,False,NA
353,UCuxuwpbLsno1XGmEWMQNe4Q,Katie Forsberg,2007-05-20T02:19:24Z,68,24549,32,False,NA
354,UCYB_7AvhPxs4zl1FbzoJhtA,Danny Pyle,2012-07-26T05:45:22Z,8,55169,31,False,NA
355,UCS8ObvH1f2kNixDfMFsf5_A,1990JML,2010-09-21T05:12:18Z,64,170628,339,False,DE
356,UCECHoIdLDF53V_jrd5nsgvQ,Stand As A Heron Studios,2014-08-05T09:33:44Z,90,326210,204,False,RU
357,UCCbc9GxE0TmCoSWqImckHwg,NashoLimon,2015-04-17T23:08:00Z,754,26875639,232000,False,MX
358,UCdh2Jy5YksUCH6GwyxBgogg,asek caerbah,2011-11-30T17:17:25Z,55,310581,135,False,NA
359,UCSb7YDVK3vGTMfhPqtGmA1w,FND_games,2006-10-13T00:28:44Z,529,532587,409,False,JP
360,UC8Nl48FBZkPnTfmEMVFv2Aw,Ti√™n H·ªì Th·ªßy,2014-03-28T12:52:18Z,7,19546,35,False,NA
361,UCqLfp0G9bGnQ9J-LEL9kYZQ,Gerson Dias,2010-11-29T21:47:05Z,68,507390,943,False,NA
362,UC45lYuHP59jXCqhzNdc-khQ,jonolfc1,2010-04-04T19:40:10Z,3,535370,56,False,NA
363,UC_eg49ESVr7tnxgA1LdR-4w,Schranz Weiberl,2008-02-16T22:37:06Z,10,1923,2,False,NA
364,UCbh8eWQ83qZxKkfUbyKEIDA,THESNEAKERADDICT,2010-10-26T12:08:14Z,4386,48141254,182000,False,US
365,UCBriYsje-d_72dqxHqLtf8Q,QuickVFX,2012-01-30T14:30:40Z,237,8001811,46500,False,NA
366,UCbCL_dS_4KjCJ8NKry0wwJQ,wineriff,2010-03-21T22:29:27Z,44,536098,1170,False,US
367,UCsZeySV9FGu3X9_PN9hpWJA,Jordy Diaz,2010-09-06T00:54:41Z,75,556997,517,False,NA
368,UC4di-od7AQJbMyuDO_upb6Q,TTG,2012-07-02T23:32:15Z,5,59584,86,False,NA
369,UCn6-nwl1LgAjDmGbbR5b_6w,Vitoria Galdino,2012-09-01T20:54:36Z,9,25049,35,False,NA
370,UChNmE5O9AIC0WJjb9I4rYLg,Sarah Kamp,2008-10-08T00:45:17Z,18,28643,1,False,NA
371,UCxkmL8rM9nw-EUW7DbruBSw,N·∫•u M√≥n Ngon M·ªói Ng√†y,2013-10-15T05:58:38Z,251,7399856,16300,False,NA
372,UCQimPADTui-RZdvBOKqhmOw,N·∫•u M√≥n Ngon M·ªói Ng√†y,2013-10-15T05:58:38Z,251,7399856,16300,False,NA
373,UCA8817rO9pBK7Um7OKG-zkA,CrystalClear400,2012-01-06T04:00:57Z,24,30409,170,False,NA
374,UCzv9126bAWtkrO0qM-usKfA,Johnnylove15,2011-07-20T15:27:06Z,171,708004,670,False,NA
375,UCdz0-84R-w9-bBUII0U_P6w,Èô≥ËÄÄÂ∫≠,2006-08-06T14:08:15Z,363,98620,222,False,TW
376,UCuWcjpKbIDAbZfHoru1toFg,GTA Series Videos,2007-08-26T01:44:50Z,5203,1756467697,3240000,False,NA
377,UCa7LezACJkW0e7RlXo8VfXw,Ryan Stroup,2006-02-28T15:03:54Z,410,7702117,11200,False,US
378,UCS6HNpDJeLwmFa8iwdEAQVg,Black Budget,2011-02-20T18:27:27Z,107,1155729,8580,False,NA
379,UCPeqv6ycK5Sa0Hli0n0wPsg,Lfcfans Corner,2012-06-01T20:30:25Z,11,432340,574,False,NA
380,UCjvbYiLBW_s9ktY2SIBzHRg,Natalia Barbu,2011-07-20T06:13:21Z,53,1372806,2990,False,NA
381,UCZHLRbXylR-x2wU-kp65nTA,Hammad,2006-10-22T17:04:53Z,11,1152659,1280,False,NA
382,UCOyx6C8ct8wI1IFClQC7S3g,TheSeiferOne,2006-12-16T13:29:28Z,43,30522,22,False,NA
383,UC2ZB5-Fgacw_0vTp-8gUWUw,John Floyd Sr.,2011-10-08T12:53:28Z,97,26433,49,False,NA
384,UCXFsqgD5tcqwiRAD9Nw88pQ,9431naruto,2011-06-12T09:15:42Z,7,22210,26,False,NA
385,UCTD5RhYO-SNPVWtJZdQoKOw,insidewrestling,2007-09-09T04:24:20Z,107,188597,225,False,NA
386,UCz_sKjgVE53fvJSkXsZ2F4A,chevereradiotv,2007-07-31T15:19:20Z,35,1030823,538,False,NA
387,UCExJ7v6NM74ke48mAKKdcXg,tonygiugliano,2008-12-16T19:14:04Z,10,8127,10,False,NA
388,UCXCM24Hc7T-tdDnBcvyJQgA,yakulk,2010-05-29T21:14:22Z,3,46842,61,False,NA
389,UCYX169KoQ8BveVQ8CIi3mFQ,CHINACPAA,2008-08-26T02:44:38Z,29,27625,54,False,NA
390,UCTv-XvfzLX3i4IGWAm4sbmA,LaLiga Santander,2006-07-13T23:41:14Z,36254,1817529911,6640000,False,ES
391,UCYRRKA07mLG8fpkDqhJXZAg,Turtlediary,2012-05-01T06:04:48Z,425,105065037,222000,False,NA
392,UC0NuyXHym-Oatwfpab2LAMA,Dod√¥ Sheen,2009-07-02T19:15:20Z,640,35442941,56400,False,NA
393,UCP0hHZRg87pWVJCOgueslmw,Goat Milk Stuff,2010-04-09T16:34:00Z,489,19541315,43100,False,NA
394,UCI1q-BRy1m5YT87DUyFyUQg,Abbey Sullivan,2012-12-23T22:34:52Z,20,10437,6,False,NA
395,UCvpTHwinUOwXS9TfSz4LEEg,depoot1,2009-06-30T15:38:55Z,2,56985,28,False,NA
396,UCOtMIE18ug3jX70PSmdz8kA,Kerry Williams,2009-11-09T20:23:09Z,28,244590,110,False,NA
397,UC9v5r_aHplJ7dHegXaeulAA,Adam Keresztes,2006-07-06T12:34:44Z,13,532114,314,False,NA
398,UC-iuonKZZC9krPa-RpwMO9w,Fritz Studer AG,2013-12-02T13:37:08Z,56,207199,1460,False,CH
399,UCazFRHqhI2ql16hePyTVNng,DeAPlaneta,2011-01-19T10:50:43Z,724,43819124,36700,False,ES
400,UCBoR0Yu5hqiGEJdYM8nRT0g,TheChiliGuys,2010-02-14T15:54:09Z,61,127709,328,False,NA
401,UCI-Oq7oFGakzSzHFlTtsUsQ,ESNEWS,2006-11-11T17:24:18Z,103972,895985231,596000,False,US
402,UCEKSOXh7GGPbTtr6viRUI5A,Ande Becker,2008-06-17T15:49:31Z,21,224279,176,False,NA
403,UCNEiwm4i-qmILrmG9XDzcrA,Gesiel Leachi de Arruda Mota,2011-01-11T00:28:01Z,137,184356,326,False,NA
404,UCRvCWWrrL43n2aOD1jPu4sw,clovergirl2013,2008-06-20T16:36:44Z,3,20863,150,False,NA
405,UCAbdtc3JlwVH-s4Dg-jnPrw,bckillick,2008-09-22T03:36:56Z,848,664084,434,False,NA
406,UC5oRfIfcuPX0F9PjIpPa7YQ,Scarlett Appel,2012-12-20T23:23:01Z,62,1366945,1740,False,NA
407,UCCc5t3tYj-fKc90BwGVblSA,AznDevestation,2008-02-22T20:00:18Z,1,61957,12,False,NA
408,UC-zEBxX9Xzun4mli2ArKjjQ,the_FUEGO_,2008-06-04T06:46:03Z,1,17463,22,False,NA
409,UC2khVqh0WQxLC4b6rLcnl9g,Olli Brettmann,2009-04-08T14:48:17Z,71,131651,114,False,NA
410,UC1cIGhTo0WiOp0VRAglCaSA,Tv kids Zone,2011-12-08T08:05:01Z,5,19275356,282000,False,US
411,UCvZL5CwtJt_I5dI15AeHy-w,ÂÆ∂Â∫≠Áî®ËÑ±ÊØõÂô®ÊØîËºÉÁ∑èÂêàÁ†îÁ©∂ÊâÄ,2013-07-18T08:12:55Z,27,25401,19,False,NA
412,UCUNmR55jFF7o0u4oVqoXCsg,huskydesign,2011-02-02T12:06:18Z,1,779436,224,False,NA
413,UCpmadplEROgHA_9m0Cse1Gg,huskydesign,2011-02-02T12:06:18Z,1,779436,224,False,NA
414,UChPBqNUzjWkU3uGra_S0log,remilus,2006-12-06T17:31:10Z,64,871723,158,False,NA
415,UC8OOMKporuqEBJZ8uf7fAsw,FrasSpaz,2006-04-05T04:08:13Z,252,61032,110,False,NA
416,UCZfogiS6Mf27r53CLJJehLQ,Lauren Airshows,2007-06-01T23:33:05Z,52,114466,1060,False,GB
417,UCwyXamwtzfDIvRjEFcqNmSw,Tom Avery Tennis - CTW Academy,2009-08-25T17:29:03Z,518,11804056,55400,False,US
418,UCETKopbJ3g1KlZVAvaw7dUw,Luigino Bracci Roa - Situaci√≥n en Venezuela,2015-02-05T02:22:50Z,7751,79295754,187000,False,US
419,UCMf8mzKBLR9uaQKUMbRdr1g,No.1 Centrum Edukacyjne,2009-08-04T10:32:59Z,41,2131187,12200,False,NA
420,UCKZ0P5KGj32fvuKS8pwzbFQ,Ricardo,2009-10-23T22:36:55Z,46,105125,211,False,NA
421,UCMc5gfr6_RSpNAKjiQf_xZg,sitongyoudi,2009-01-06T09:58:08Z,1,190517,6,False,NA
422,UCYHKWbpx6eX_ydppBcOIOng,U.C. Sampdoria,2006-03-10T13:25:20Z,3251,22807354,44300,False,IT
423,UCFuBDJYsra9hg4YiLxjobEQ,u15,2006-08-24T23:49:16Z,569,19953215,40000,False,US
424,UCdAiIwrJ3F8cKdC0H5vZjsw,fsamjee,2010-11-06T02:57:30Z,8,29648,27,False,NA
425,UC_qModsQsEozKSO1u6XbYsw,Rifaidate.it,2013-10-01T09:47:35Z,218,33306104,80700,False,NA
426,UCGHhehKQoYA0zeWiikDO6EQ,Rifaidate.it,2013-10-01T09:47:35Z,218,33306104,80700,False,NA
427,UC2JqhLQPIghWC6wLXYWYWow,AQWorlds10100,2013-05-11T00:22:26Z,39,383287,1680,False,NA
428,UC9-Gf8yxR0eqECaBRjpGiNQ,Bogdan Saperov,2011-01-16T18:08:49Z,62,1590435,483,False,NA
429,UCLU580lMb6AGMlu85TfGmMA,N. Ripski - Red Jade Martial Arts,2008-05-23T01:02:59Z,326,1542605,5070,False,CA
430,UCzcLeFkKzrPWQGDLiF9-6MA,autoesportebrasil,2009-01-08T01:25:23Z,4,187533,203,False,NA
431,UC0N_fyvf9fnDv6V_kdK2jHg,LaffHoleVideo,2011-06-07T15:28:58Z,12,337598,111,False,NA
432,UClZsfG_SfyBAGaafLxymoVA,KostanRyuk,2011-11-04T18:51:35Z,22,460401,2780,False,NA
433,UCNylwDpBH_yziJ6VbJMIZ_Q,Consul,2010-06-23T18:33:41Z,358,196705954,87100,False,BR
434,UCDCZa9Yt64NX1_eWa-HNDhw,Driewer,2007-10-30T03:11:37Z,19,97773,754,False,NA
435,UCKa8-ht-gbMxHFgQVuCgG3Q,MrColonelReb,2006-08-29T00:20:27Z,3,63611,5,False,NA
436,UC9bAont0I2B1RJVYEHeX_qw,ruudboymans,2010-09-29T20:37:49Z,4,23285,8,False,NA
437,UCPcE_Bp5kaopWuZ59zsvqvQ,ANWAR RASOOLI,2010-10-19T09:07:44Z,508,230580,414,False,NA
438,UCjjXSlYkhse4uaXmq5lwlQA,johannl25,2009-09-02T20:34:00Z,62,143715,90,False,NA
439,UCe4iMXmL24pauN6SC_8AGYg,miele29,2008-10-26T23:48:24Z,66,34146,24,False,NA
440,UCdV5g3jVn-sTw1VgULj0EfA,Buster Videos,2011-06-11T14:21:28Z,9,451400,360,False,NA
441,UCzC-pzvjHz9Nj4KgkPvtD7Q,KiLLeR BaBa,2013-07-06T12:15:51Z,708,1594394,10500,False,IN
442,UCVXcohmX3PIsbc0Djrr_dZw,Emad Uddin,2014-12-05T23:51:17Z,1,171,1310,False,NA
443,UCt5nMEki451pwJrO_4OhIsA,badawi farra,2008-04-26T20:49:45Z,48,811268,293,False,IL
444,UCK_zmTIJCyKTGnlXdSKKvcA,mxx,2006-03-17T12:02:19Z,62,1302746,662,False,NA
445,UCmsO3CyGDSgi1-XhkVns3TA,Oakelfish,2010-05-31T00:36:06Z,2007,107716314,538000,False,GB
446,UCS8Oy03UZuvCL4jNvzgLHXA,lynnlegolas,2011-05-11T14:58:41Z,20,36572,4,False,NA
447,UCTVC4jP5RceBX_qSvFTwizg,hatofo,2006-09-21T09:44:31Z,0,0,91,False,NA
448,UCunJeWziKeN41EqEHoJfzDA,Rawsomehealthy,2012-02-14T10:16:12Z,558,11142136,48500,False,US
449,UCqDNFlsAGhGrwGnFMrNaACw,Nattapong Paitoon,2010-10-20T14:46:34Z,1,9392,10,False,NA
450,UCWRosBEZSnIyvsV1yHrk97w,kevin88318,2011-02-17T22:01:03Z,24,416625,511,False,NA
451,UCIiRSZloKxBXCU6u3cAfg1A,Jean Dominicus,2010-04-08T16:39:50Z,7,14789,19,False,NA
452,UCdPyAsYflQVKjGFjT5ZrJ3Q,Mitsubishi CoupalBrassard,2012-08-30T15:40:09Z,7,41994,22,False,CA
453,UCDLHEEfT71h6GBQDpTGGyDA,GenteMotori,2008-01-22T17:08:06Z,561,5607089,6060,False,NA
454,UCe5-2h1sTwR4F5cWrupuQ2A,jamdogs,2006-10-31T03:47:57Z,23,8695,5,False,NA
455,UCIl0UtYEi5BWJmpCouaAU-w,Ridiculous TV,2012-07-10T13:51:36Z,1,368,4690,False,SE
456,UCkXEPd0bVvOlEVXlIuIWCQg,TheRideUnion BMX,2013-03-07T23:38:31Z,262,10457193,105000,False,NA
457,UC1LVhxuYxOdBaX8iEaErylg,My CookSpace,2013-12-14T23:19:28Z,11,135018,529,False,US
458,UCjNFxOkOT6d2gPpXh4ecvOQ,benchwarmer0007,2009-11-04T14:59:29Z,0,0,72,False,NA
459,UCIjpoZ2hD7qUDmKMOzRU_ag,jeanphilippesalon,2006-12-05T16:01:05Z,9,76426,22,False,NA
460,UCos81LHdCNhZWn7CYFPEysg,cassio brito,2011-05-16T23:34:47Z,5,11585,12,False,NA
461,UCJlXjjGnGysAe3LRq6NWfxg,PrettyBrownDelta,2009-12-22T00:11:23Z,37,143013,409,False,NA
462,UCc9zA_V3pbPux4c9ngKwMMQ,FutureCavalier13,2011-03-01T18:40:14Z,44,779858,1230,False,NA
463,UCbYQWsGwpxrmbP7VpRINM9Q,costaverdehotel,2012-04-21T15:12:44Z,1,8334,4,False,NA
464,UCJaPR4kL_Y2olCCOgU3TS4A,10MegamanEXE,2009-07-04T05:26:30Z,51,71580,21,False,NA
465,UC89o5O4MacqEEK7j--UJAOQ,Neetje 404,2007-10-29T18:38:16Z,0,0,0,True,NL
466,UCPgUOEE12K_Ku8EYXEjcVYg,abv1001,2008-01-28T03:36:35Z,20,115673,32,False,NA
467,UCIzbYH4cwPZ7XRSBvtVoWzw,Chipotae,2012-01-01T12:54:41Z,5,40851,61,False,NA
468,UChMkPgagIDBzN9VFJNDuvYg,Le Loir-et-Cher,2011-10-03T17:02:17Z,587,714352,2210,False,FR
469,UCnYvIsMJm5-ulb5-VOdSk2Q,gabrielacusinato,2009-11-07T23:22:08Z,92,37080,16,False,NA
470,UCB3Rc71N4FReiNE_IOtzoLA,Dj Tutis,2007-10-09T18:11:28Z,677,17503438,15100,False,NA
471,UCP-fzpy8_36RSEv22CFqZUA,MarioVsSonicSite,2011-06-07T17:48:47Z,119,3936112,1410,False,NA
472,UCcHmf8is3Oct4LV2KCHehhg,J.Rob The Chief,2010-11-03T23:36:29Z,100,733100,4800,False,US
473,UC2LFjIOL8mNSF2kxXkqHGBQ,Donkie737,2007-03-24T16:22:50Z,4,31870,3,False,NA
474,UCxWVvknNtioCKy0ADYV_1VQ,Jujef SH,2008-09-30T14:31:47Z,270,801363,576,False,NA
475,UC-PkBTL6H7MwKrMYkOI3sRw,xposurevids,2011-01-25T15:41:23Z,49,25349,14,False,NA
476,UCgTjPatXdSA5V0GDjBZh7pQ,rallyro,2007-02-23T20:29:55Z,247,1027249,129,False,NA
477,UCWsr56sq5GBeikcLlBIvSpw,XCleoBVBX,2012-08-10T19:18:47Z,7,1689,21,False,NA
478,UCx_jxl-J4SSi81SQ_myy9xA,Luck k,2013-03-31T00:54:47Z,13,4775,3,False,NA
479,UCvueeIpQ6l5BlyzUTWY13eQ,Cut Copy,2010-06-16T22:14:24Z,37,15806649,24100,False,AU
480,UCUjcrwk5MFPfYbQ4XZptf1A,xegabes,2008-03-10T03:17:57Z,74,710326,921,False,NA
481,UCImYogn-FXSu5nlVHx4GUhw,Paul Cavel,2009-09-07T02:50:39Z,44,451064,2790,False,GB
482,UCpuAPXDuJKe5fAuSLCG8LDg,Volcom,2006-11-30T19:12:23Z,2261,45858160,180000,False,US
483,UCzEcHV6aIUco6EaMd-dVP_A,CORO NACIONAL IDDP,2013-06-08T21:04:47Z,226,228753,1140,False,CL
484,UCmIIBhzBfzoAt51zqdun_6g,Moto.it,2007-11-19T13:41:11Z,3325,126985653,274000,False,IT
485,UCGdZKY7dD8H2Ecsq9__xeqQ,Ed Fisher,2007-03-17T19:48:22Z,381,3282812,1690,False,NA
486,UCsMp4t_y0m_T9tXGGWjMOyg,RAMIRO CM,2013-09-29T00:14:07Z,2,2583,7,False,NA
487,UCxH3W8AsCCHAnjL0ckn4M1w,breakoutlyts,2007-03-25T15:37:26Z,13,63717,15,False,NA
488,UCWNx-3LmYfa45rwgVPoz5JQ,Plong√©e Tek Marseille,2007-06-04T11:45:35Z,40,93753,456,False,NA
489,UCL272KR2XWCRK29Likf4xoA,Plong√©e Tek Marseille,2007-06-04T11:45:35Z,40,93753,456,False,NA
490,UCpKnbXIIl9ud9dYYQ8S-dqA,MrJallu101,2011-06-09T17:43:30Z,538,69961512,215000,False,FI
491,UCuCuwcyEA7nuRmsvDKXPsdw,G++,2007-01-22T22:42:06Z,20,983524,233,False,NA
492,UCUrr00OKh4SMieOvD9lkyQQ,MJK japan,2011-11-10T23:49:57Z,0,0,102,False,NA
493,UC-o0hItpSKg5ZtuXAh_4rEg,GNROSAS,2006-06-19T02:51:29Z,43,306356,137,False,NA
494,UC4vbiZMU_yrheYVZH393-Zw,RolandChannel,2008-06-12T13:19:16Z,1591,91792780,0,True,US
495,UCui2MpemP6NouHLEap5jzrg,PerformanceUnlmtd,2008-09-30T19:12:04Z,54,206277,204,False,NA
496,UCF9C9nAU1MT4UzkfRjwJLMQ,kishor kumar Warde,2011-06-19T17:55:36Z,5,13909,39,False,NA
497,UClY-p9bQkEjmZvwYZtoLT5Q,Tina Marie,2012-10-04T03:58:37Z,1672,6862109,44400,False,US
498,UCbNcN2DvPOwewfNK3bcodcg,Flavio Castro Imoveis,2011-08-03T16:48:45Z,1067,12047212,36600,False,BR
499,UCsavg5T0Jlxkcp2eD8krBAw,Cristian Rosales,2011-12-04T20:29:27Z,27,1241556,1990,False,NA
500,UCul5qOGUH6uce4lrUZvjjTw,Cristian Rosales,2011-12-04T20:29:27Z,27,1241556,1990,False,NA
501,UCuf2GsZmHGEx0rYsWnZM6HQ,◊ê◊ï◊î◊ì ◊©◊®◊í◊ê◊ô - ◊î◊¢◊®◊ï◊• ◊î◊®◊©◊û◊ô,2012-01-30T07:50:53Z,11,2107024,6180,False,IL
502,UChd8xWG_wsGStscuoouwQDw,Kleber Y,2009-07-23T11:12:48Z,2089,9800213,4850,False,NA
503,UCLKkGgvbJkmVEYPNsbXWbwQ,ingenieriajrm,2009-04-24T18:31:44Z,16,303396,75,False,NA
504,UC3CZydI1jQqZlSUJs_OKv4w,Chris Brandvik,2008-06-21T21:25:00Z,1,128,66,False,NA
505,UCEoUhirnLHXdsLNuY4t67bQ,kiddroom,2006-11-04T09:30:17Z,38,649324,46,False,NA
506,UC2B4vSWQA1yPFT1BnGdwv-A,Lao Pho,2006-07-25T21:46:41Z,93,302147,41,False,US
507,UC8y7LKPzQYlQDRifRnmAR9g,FierceBlokesMelb,2010-02-23T08:42:28Z,1,1498,1,False,NA
508,UCNbOZesinLAZHeYPEUakqxA,friendlee,2006-03-19T01:42:57Z,15,10528,21,False,NA
509,UCrcB0DHc-tIW9GBRp21C7CQ,Ken C,2007-04-29T14:38:50Z,201,400039,668,False,US
510,UCVSj-a8oGFDMTPnu9Dw5zhA,Gamersoftheworld,2008-01-11T23:43:40Z,3,1378,1,False,NA
511,UC0AFnSo40mMrYgetcpB4Yng,tomy0831,2009-08-14T06:54:20Z,11,323354,123,False,NA
512,UC7NszqtDGyVuQuxUEAN_n2Q,Rajshri Marathi,2009-04-30T07:50:01Z,12165,1410103919,3070000,False,IN
513,UCGeRki7JHKEhk27epcAJraQ,madebychevron,2010-03-14T21:49:18Z,8,261047,31,False,NA
514,UCLFXVxKZAdv-D5t6rhHKE3g,Flex-A-Lite,2010-04-18T23:29:14Z,24,1054936,3370,False,US
515,UCQzY3ru491eWtBpkrmI8bGw,ThisIsKriticalGaming,2012-03-05T17:00:00Z,14,17081,206,False,NA
516,UCbwkJES4SHCA3Rue1gth8Tw,horsemadjulia,2011-06-03T09:07:14Z,48,28719,34,False,NA
517,UCYySQPwTcBoksOwDuWN2jug,Linus Carlsson,2007-09-29T09:48:49Z,7,6147,0,False,NA
518,UCxt0Y4ZBRSBsjZU51twjrbQ,Victor Cnockaert,2010-07-12T13:21:38Z,36,25726,77,False,NA
519,UCVmqfvWsKeFaMGY68CbcVVQ,ChannelFireball,2009-03-14T03:19:22Z,21174,227574844,164000,False,US
520,UCi5zjw6jW3wcn2WVTLmUwGQ,Qwerty man,2006-04-28T22:25:53Z,14,493282,246,False,NA
521,UC_b2Ki-qn-k-Uk5o4DewJZw,sweetmochi12,2008-01-08T02:41:11Z,9,83876,90,False,NA
522,UCBi2mrWuNuyYy4gbM6fU18Q,ABC News,2006-08-07T23:12:21Z,58970,9570470579,11300000,False,US
523,UCpHzuU5P4RYHZ6FYM65-B7Q,Chicago & LA Diamond Trio,2011-06-13T15:08:39Z,6,24914,37,False,NA
524,UCaGRdIhs2JvsV86sfmQ77Uw,Sasha315,2006-12-15T15:19:09Z,9,67841,47,False,NA
525,UCf4HHMwHEikpsEw8h1lEpGA,Aranguren Televisi√≥n,2009-04-27T13:02:25Z,1199,1093930,1410,False,ES
526,UCpLo12cNyaf98rL6X8m6DCw,rizzle_d,2007-12-21T11:50:21Z,210,4042744,3180,False,US
527,UCyRDvl5au7MCMmu6iFUHAPw,TV4,2006-08-10T17:53:09Z,8724,464110157,261000,False,SE
528,UCJd905SWgtBm3KKWHqo7jQQ,bosio774,2012-12-07T04:57:03Z,22,28603,11,False,NA
529,UCJIu_TjwA4v9aPdby9Hyc-Q,bosio774,2012-12-07T04:57:03Z,22,28603,11,False,NA
530,UC1vbTCUQ532eX7-WiHSlPNw,gespierdespijker1993,2009-04-06T16:32:53Z,21,238725,102,False,NA
531,UCjM6W66mhtWbV9MQt5DdMWA,NeonPhoenix,2009-10-09T16:29:32Z,14,136658,571,False,NA
532,UCckhD29vIoA305hv7B45b_w,revisfan24,2009-12-25T00:54:20Z,169,119660,61,False,NA
533,UCkFSNF7Ud7nubexBE2u4B5Q,hassan936,2008-10-28T09:48:00Z,0,0,717,False,FR
534,UCwKkpawiRfLYtUWnRFNMMqg,Tailnic,2007-10-19T14:55:16Z,1580,813612,1650,False,TW
535,UCLHVyZuURuPVDhDc8RvZkGw,Ismael Alejandro Figueroa,2007-06-08T15:20:29Z,13,25603,13,False,NA
536,UCOIZG2MYtCNR5Z1kMI0wY9Q,Cole Sawyer,2008-01-21T04:30:13Z,80,201419,142,False,NA
537,UCW-xv2J5YgzpjPRm1UHNHuA,AutoInform,2009-11-24T15:27:13Z,162,3304234,9490,False,NA
538,UCMm9gAB8w_bY3aNecNxKumQ,AutoInform,2009-11-24T15:27:13Z,162,3304234,9490,False,NA
539,UCM87UTpuYbXN1g9NEL25PfA,–í –ú–∞–∫–µ–µ–≤–∫–µ - VMakeevke.COM,2012-05-22T19:42:06Z,1746,8664576,0,True,US
540,UC2YNdVM5r0tYGZTEnpzk_HA,playlikechamp26,2011-07-10T19:21:19Z,6,11507,0,False,NA
541,UCwOoWzyXr96Xi9TLKhTiPrA,4949sasasa,2012-10-06T13:37:15Z,12,1524533,706,False,NA
542,UCr9BUVSvVmC6N1FNjXTzdcw,Battle X On,2006-05-12T20:58:58Z,1000,6499854,7060,False,NA
543,UCppHT7SZKKvar4Oc9J4oljQ,Zee TV,2005-12-11T06:23:26Z,53951,9540959100,57600000,False,IN
544,UCJIPobU02UmQ33es6ntCH8w,Fritz Zamy,2007-01-10T21:45:38Z,304,380392,640,False,NA
545,UCns92rcso91zDiT-6I0RkOg,leierogura,2010-03-31T08:53:56Z,92,160999,303,False,NA
546,UCResFVv9L3bWYmzBnpFPxAg,George Possley,2010-02-25T01:32:13Z,3276,12344214,16500,False,US
547,UCkxBtnCrCO_aN689SyVRS2w,greenoak1,2007-01-14T04:55:44Z,101,90744,403,False,NA
548,UCwHn3uh48gjEczPtzV8LJ9w,TCC,2010-03-20T14:14:01Z,64,8967031,10900,False,US
549,UCevEhPt0ipo-0BJTymdNPRA,ÈâÑÈÅìÁéãÂãïÁîª„ÉÅ„É£„É≥„Éç„É´,2010-09-06T12:32:01Z,646,17759033,37100,False,JP
550,UCVPz_nauEJpqPxxvYiOpCHQ,„Ç´„Ç∫„ÉÅ„É£„É≥„Éç„É´/Kazu Channel,2010-06-04T09:00:08Z,2428,904561774,1860000,False,NA
551,UCF39B21wzKN4cV0S_8rCJbg,Coopers Brewery,2010-08-16T01:25:39Z,181,3333245,9480,False,AU
552,UCOO67sI3yJShaF1aqFyCY1w,gamezplay,2006-05-15T10:51:19Z,16953,106634880,49000,False,GB
553,UCbfAlp8HDkf3a-lliQ9KD3w,CORVAIRWILD,2006-10-25T12:40:14Z,10367,23838850,14900,False,NA
554,UC0iFM-n9uJUxu1Fxjr1py8w,Amaury Cortez,2010-02-26T18:40:42Z,240,574076,103,False,NA
555,UCkm8F_EkiAvMoomXS4brvjA,apsaravideo,2007-04-02T05:24:09Z,4199,59971820,0,True,US
556,UC8LaXDkRog0v23ctTm9-6mQ,Andres Rojas,2011-04-28T23:59:55Z,16,17921,62,False,NA
557,UCndLWRIilWm16aSlnlinywg,nicky pc,2013-04-02T20:48:03Z,57,883846,2170,False,NA
558,UCaPrFuNLsxMIr6Vwys5Xu7w,Celebrity Cricket League (CCL),2005-12-27T14:58:17Z,4706,662053797,2050000,False,IN
559,UCwP2MQ-Yf_UTVw8_Izj9eyA,MrHondaful,2009-05-18T16:10:27Z,82,409394,304,False,NA
560,UCzgS81NwZgRfu3ov-DzfSyA,Mikentroller,2013-02-16T19:10:53Z,88,12128045,2080,False,CA
561,UChxX1rBXlPYA-nc4yO_N4jQ,samuel rodrigues,2009-09-07T04:15:24Z,19,9729,24,False,NA
562,UCBiijTQJVImfSpUgaAcfYJQ,Jeffrey Jones,2013-09-13T14:29:58Z,9,3606,3,False,NA
563,UCSW6T_4ZHlE6Zv-ulX75Kvw,rap dos games,2014-07-17T11:17:22Z,13,249223,1920,False,NA
564,UCBpkfc-8l7XCR730uSMnWhg,olenkzz,2007-12-10T03:33:00Z,9,196072,201,False,NA
565,UCp0N6cE6SxQE3McpZn4EwMA,ItsKaola,2007-03-15T18:32:21Z,13,319133,14,False,NA
566,UCG9vnnKTvqgMM_TWYV7sc2w,Maya and Alex,2009-09-11T13:18:29Z,897,13038126,14800,False,JP
567,UCQud3hTkdYw5d8pLPrIvy4g,BrokenCosplayers,2013-01-30T19:54:55Z,33,166330,1310,False,NA
568,UCc4FImYfkkCURiyT2J8Q6xw,killerkiwijuice,2010-08-04T16:02:26Z,23,238002,674,False,NA
569,UC21NEZr0ee7b5fOKuT9DPLQ,Selva Marine,2012-02-10T21:47:44Z,8,109035,387,False,NA
570,UCzIrWDTXvdZfmM94j1BmPzQ,Martin Mru≈°koviƒç,2007-11-23T13:40:47Z,6,7233,8,False,NA
571,UCgfsTt_EEXYQV3QkmIFNVow,Martin Mru≈°koviƒç,2007-11-23T13:40:47Z,6,7233,8,False,NA
572,UCgVtp9bLXYYtG4vr9eOoBjw,Martin Mru≈°koviƒç,2007-11-23T13:40:47Z,6,7233,8,False,NA
573,UCabxmwQBAo_Cehq5nbnA8tw,sasebogc10,2011-09-26T11:54:23Z,541,12054885,10300,False,JP
574,UC9y1hU8lnLW8lEx6X7dnRoQ,„ÇÑ„Åü„Å¶„Å§Yata-Tetsu,2012-08-09T01:29:55Z,972,18174142,20900,False,JP
575,UC1V2jF0MhG16OYUYDxr762Q,fenixraider2302,2012-11-28T17:44:40Z,8,35265,28,False,NA
576,UCJxywJ13-2au1aEFpYxD-nA,Malayali Biscoot,2013-10-11T11:48:16Z,3029,47807517,109000,False,IN
577,UCylqbSK89ay23kRE_8eD5hg,Rio RIFFALL,2009-04-19T08:21:13Z,153,1583400,4420,False,ID
578,UCyigfVzgsmfecWMvCSt175g,Carlos Buetas,2006-05-09T00:36:28Z,369,462506,140,False,NA
579,UCR_OJfVPguyW3PqdKBKLnKg,–†–µ—Ü–µ–ø—Ç—ã I –ö—É–ª–∏–Ω–∞—Ä–Ω—ã–π –∫–∞–Ω–∞–ª,2014-02-07T21:27:14Z,108,863940,6330,False,RU
580,UCRMuTG_6XkHpwMXYuN3C6XQ,–¢–û–ü –ü–û–ß–ï–ú–£ –ö–ê–ö,2014-05-07T21:14:39Z,33,201541,2180,False,RU
581,UCHXrugYHsgDyGlgNReOCuEQ,UD,2012-11-03T06:37:56Z,14,12154,27,False,NA
582,UCGog6mnXBiYYfgYDkJVwimw,zeus9931,2010-02-27T08:27:46Z,476,1187835,1100,False,TH
583,UCYTNPItpJ4cZbBbJ4YG0M-w,BhNoob360,2012-12-26T21:09:47Z,4,14841,23,False,NA
584,UCGZHG3Tdr0T8YWZ7Ac8TIYg,Cataldo Albano,2011-12-12T17:36:29Z,28,20590,16,False,NA
585,UCV0Q5XoDann5uLJDkUjJ7Lw,Mary Doodles,2006-09-17T19:29:01Z,352,36947667,404000,False,US
586,UCwfqkxgLt969ASXveL7DMIA,TheGamersOfficial,2010-06-12T14:06:19Z,681,6861401,13300,False,NA
587,UCqtaybBSAYm7EFLtkjG3A2g,gorankudasai,2007-06-19T15:10:58Z,98,168991,11,False,NA
588,UCzqrEcpPii6BiuoQ-_V2Exg,rugbyboy775,2007-10-09T17:04:10Z,2,31092,5,False,NA
589,UC6ixzODPAdgVdY9aoSlPPew,Everyday Health,2009-12-23T19:34:50Z,1522,35307093,169000,False,US
590,UC3qWfVhOXpqpqWasZ5qsf0A,Canongang,2009-06-25T08:03:16Z,354,1054384,3890,False,US
591,UC_mSz_GpWz2ElEVJW4EGkgg,PIXELTEN,2013-12-19T23:29:25Z,73,531289,3100,False,PE
592,UCPVM3AXNxlKuozNuzZWFIrw,lowmanslyrics,2007-06-17T12:15:56Z,10,231898,21,False,NA
593,UCMaooTVPbDVoIwhQuQqyfUQ,Nick Starr-Street,2006-02-28T14:31:34Z,133,788260,317,False,NA
594,UCa-oary40kq9LcnB7DL_NvQ,Mordoooor,2008-05-08T17:05:08Z,11,171899,26,False,NA
595,UCgzIB9ZOzdsjdk2YmyIN4hg,NeverGiveUp Company,2015-01-16T09:11:25Z,27,457129,888,False,NA
596,UCZkvqGJJn59qr6Z-RjbG8_Q,Griffin McElroy,2007-02-21T04:33:41Z,3,192841,20200,False,NA
597,UCJzxApjhAysydtv2dqAYtMA,Lime-IMC,2007-12-29T19:04:15Z,0,0,116,False,NA
598,UCofrfqvUR3F-0vAD30US6tw,K- stream,2014-04-19T08:00:56Z,85,210721,726,False,NA
599,UC951hA3MLyjMNck7dHXf8MQ,David Estrada,2008-10-08T20:03:37Z,166,1722401,639,False,NA
600,UCFat2Ihn5mA2ZvFuroyOGwg,„Åî„ÅØ„Çì„ÅØÂ§ßÁõõ„Çä„Åß„Çà„Çç„ÅôÔºÅ,2014-05-24T20:50:58Z,1009,16485615,55100,False,JP
601,UCcVBJaGDAsYjXEy81G9Nq8w,Miki Al√≥s,2010-10-18T19:03:38Z,8,8803,16,False,NA
602,UC53Bg53OBx6JVWFmh5kYWSw,djFOOLEG,2009-12-17T20:57:19Z,72,525661,248,False,NA
603,UCsp6H-PcjKT1xuQDzED68hQ,Calixto Nascimento,2013-06-06T15:59:58Z,13,252930,378,False,NA
604,UCTAK2aYsvkWANoStaDTATzA,greenlightgamer,2009-05-28T23:30:33Z,40,101393,49,False,NA
605,UCp1HdTRbbrT06mIOnECcp9A,DavidMarco,2012-12-18T10:15:25Z,109,95720,1130,False,ES
606,UCuDyNjro5X_cksrM79O-Jow,samyzzcocizz,2010-04-18T20:22:08Z,20,50589,19,False,NA
607,UCTCkpwzbaazKvVK0YNoXo1g,Lock Haven University,2013-09-24T18:55:17Z,37,22946,175,False,NA
608,UC_7v7W1BNwEVvHyQIb9-oLw,Covert Skyline,2010-09-14T08:39:22Z,24,228115,238,False,NA
609,UCQpfkhb91g8spc2o2SUOzFA,MCSTUDIOBN,2008-08-05T10:49:45Z,167,68479154,72300,False,BA
610,UCFSCGsVY8zJHy9toajXDlsA,cranetvart,2011-07-27T09:50:30Z,91,775855,3980,False,NA
611,UCuRfFw0PUpdYq59ooOAnu8g,neuroorthoinstitute,2007-08-01T18:43:07Z,49,1518165,3100,False,NA
612,UCvEn2EL-jWflvNxg3bO4myg,neuroorthoinstitute,2007-08-01T18:43:07Z,49,1518165,3100,False,NA
613,UCmb0LnmFYceH7toqgmUTJDA,Vandal,2015-02-25T12:42:55Z,2668,182014462,1200000,False,ES
614,UCd400NDUWJdTLcO5jub06wA,D∆∞∆°ng ƒê·ª©c Qu·∫£ng,2010-10-21T16:51:15Z,0,0,66,False,NA
615,UCcEvN30KYmPHKtbtdH2D-CQ,H2KPODUCTOINS,2008-04-05T16:28:09Z,6,151055,39,False,NA
616,UCxjTGdg2DYJ9MVR0hkzpHvA,VOXSPORTS,2009-07-28T05:58:07Z,3121,6824096,7880,False,NA
617,UCBXyQvKr-OaHUjpn3fEBsuQ,Derrick Johnson,2006-05-05T02:51:14Z,221,1046338,4560,False,NA
618,UC8-APnASPyqxhvdiQOvvt9g,nitajait,2007-12-05T03:37:27Z,169,513992,210,False,NA
619,UCmNYSzZTZw4QNawVQ038kvw,96969696black,2011-10-14T12:48:29Z,222,87030,41,False,NA
620,UCgyz0qRzl96ydHBxkPD1pBw,Mziiki,2014-02-13T09:52:23Z,211,93301440,580000,False,ZA
621,UCIOD9FAJdprn4J5p83Rb5Aw,NARA SOGOMONYAN,2012-09-23T13:32:51Z,1,1728,3,False,NA
622,UCiuvu9bNX6qSv3oN80IBPZw,Pablo Prieto,2011-07-24T03:37:10Z,2,1998,6,False,NA
623,UCSG_nwo2bk1yO4omKzMpgvQ,Bionicworm1,2006-11-06T05:02:20Z,85,1672074,165,False,NA
624,UCUf6Vx8WiFlrvzK8ElRO8Lg,badri lingaraj,2007-08-27T18:03:13Z,2,9268,7,False,NA
625,UCSbJvvoYLE4u1YxADiDqvNQ,Steve Johnson,2006-06-13T20:59:46Z,19,476054,349,False,US
626,UCNwS8A4ElHoDRMw1U0uvbcA,Daniel V√°squez,2008-06-06T16:18:16Z,33,27426,9,False,NA
627,UCSIUdxwx3udSRQ4lzF9irVw,Liebes Fr√§ulein,2010-08-06T12:14:49Z,17,265407,1100,False,DE
628,UCBaUZ8KMzvfdKYNzdQpBQ2g,Inedits,2007-03-17T04:42:31Z,26,6936908,1240,False,NA
629,UCaGIYzA5H5k_7dAaOpA4WYQ,tmx53786421,2009-11-20T01:56:07Z,13,102071,52,False,NA
630,UCdLzmm5vknO86yO8UrI41xw,Ema Shah,2007-08-05T07:26:16Z,932,5852947,13200,False,KW
631,UCZjDi3Wuy4IekimOjbYGpCQ,xibato,2007-05-03T12:08:36Z,11,13020,3,False,NA
632,UCU6fJd58eq6YauDlmdtmDHA,PROLASERINC,2008-12-25T23:19:36Z,6,15784,3,False,NA
633,UCovtFObhY9NypXcyHxAS7-Q,Roberto Blake,2009-02-08T17:58:19Z,1273,33882006,523000,False,US
634,UCc7CrqpdgGZlQyso7O7Cj2A,arfist,2007-06-13T19:17:03Z,154,731987,875,False,RU
635,UCSA-3fh1WzfKnHPkDUmoqMw,Fly Russia,2012-02-29T14:19:17Z,106,9829835,64900,False,NA
636,UCE1Mu3LbnE7_OzPfsKqDS-g,djmarcel007,2007-12-29T13:20:09Z,238,38063116,65100,False,PT
637,UCjJMacMVI8gIoRILqJuOn3Q,PhunkRoyal,2008-07-02T20:18:48Z,1571,18471896,56500,False,DE
638,UCYVinkwSX7szARULgYpvhLw,Ali-A,2006-09-13T17:12:04Z,3642,5488503889,17500000,False,GB
639,UCqWqrfbzNvXECu39vl_pP5w,mattbmoura,2006-12-11T17:49:08Z,69,46593304,59000,False,NA
640,UCZLmV977wZ41RROjOuu-oFA,TV Duga Plus Melodija Records,2010-01-31T15:49:26Z,6984,121383474,151000,False,RS
641,UCkmxvZFOr4PwzFnRdIyNllg,c4lvin1337,2009-08-22T21:05:08Z,15,7065,5,False,NA
642,UCPRfNEBTjnz0GGHb2hMekZQ,c4lvin1337,2009-08-22T21:05:08Z,15,7065,5,False,NA
643,UCqFMzb-4AUf6WAIbl132QKA,NHL,2006-10-26T19:57:49Z,23170,1056787359,1590000,False,NA
644,UCuuTQ-HEwfCSZwCtnc1bgeQ,ÿßŸÑŸÖŸÉÿ™ÿ® ÿßŸÑÿ™ÿπÿßŸàŸÜŸä ÿ®ÿßŸÑÿ±ÿßŸÉÿ©,2010-09-16T21:24:05Z,1024,697305,3490,False,SA
645,UC1w33mzH5SuhRDlykhRLbwg,BerserkD,2011-09-28T13:25:01Z,69,2779231,5660,False,NA
646,UCUo0U24mV861yudj-aVPGpw,RMIT Animation: Graduate Shows,2006-11-19T05:21:05Z,10,10450,421,False,AU
647,UCrMk4rcFt3VYEMif-bQTNEQ,pelaska1980,2010-11-29T19:46:53Z,3,6151,2,False,NA
648,UCTsKqIi_pEE3LbWKrkrdSyQ,INFO,2006-01-29T22:01:34Z,1186,17910619,75200,False,NA
649,UCmOCtkOn7Nu7eIJ8prfJzYA,Natsu Dragneel,2011-07-09T10:10:37Z,12,24478,43,False,NA
650,UCIaeAU4AQ-Kycl6upDplwkg,Gamespro XL,2012-04-11T18:49:37Z,8,1031288,841,False,NA
651,UC2NGqwU5sbGEEGFKWEBy-sA,TheHappyThought,2009-03-23T22:27:31Z,159,277073,833,False,NA
652,UCJA-HEM9UApjvS2ChQH9qAg,3dparks,2009-06-27T18:25:07Z,11,536,0,True,US
653,UCFzyeVLrv5xzn2iTjnjaNTw,PhoneRadar,2011-02-26T08:14:30Z,3094,154469559,909000,False,IN
654,UCf1pUrBH4F9wViExU7Q64KA,pillo55,2007-04-23T15:23:05Z,805,2522975,1290,False,NA
655,UC3xGcbDsDSHajQN272Cq7DA,GritScooters,2011-02-02T22:13:41Z,159,1936376,20900,False,NA
656,UCt8lsih6xiO3bzyJpVQocjg,GritScooters,2011-02-02T22:13:41Z,159,1936376,20900,False,NA
657,UCBvc7pmUp9wiZIFOXEp1sCg,DemolitionRanch,2011-01-03T14:57:10Z,476,1758455877,9870000,False,US
658,UCMYQ-wuuzPvpywRy_Lce6Aw,Prathibha Dhanuka,2010-04-04T05:59:59Z,88,729245,2130,False,US
659,UCmxZw7N4Jyljr1RbSs4Ymaw,FightHype.com,2007-05-23T18:38:57Z,27603,1042978844,913000,False,US
660,UCCAIgKd_LTfWdoEnWFgJrtw,Bryan Thong,2011-06-25T11:42:01Z,26,19581,8,False,NA
661,UCMWwvUso2x6wVDTYXKSZHKQ,Chadron,2009-08-06T22:36:01Z,66,725077,287,False,NA
662,UClZT7qdA7ITMxJney_EWl8w,Redakcia Mistral,2012-04-15T10:11:44Z,3225,1137406,1520,False,SK
663,UCD2I0Ha3zCDQLOQlD1yIEFQ,Norx World,2010-12-14T09:10:58Z,80,859113,13300,False,US
664,UChKKMC4c1Vs-Pn8-WgqX_Sw,motva,2008-10-28T17:48:59Z,23,15060,18,False,NA
665,UC2kgtRlVruCIX_dZm86CQXQ,motva,2008-10-28T17:48:59Z,23,15060,18,False,NA
666,UCYuU21LIpKm-NX_WTCqr56Q,Myzael Torrez,2012-01-24T17:21:16Z,24,58235,33,False,NA
667,UCK0NRY1A09-L0xLvZgIqQ5Q,A Hughes,2006-11-29T17:33:11Z,0,0,2,False,NA
668,UCrKZx553F5U1272WkMg8xcQ,humorista,2006-05-13T16:40:29Z,107,313862,716,False,NA
669,UCTIM_X5ZCgrA4-JD41PcTfA,ALPH4SOUL,2013-12-17T13:31:05Z,54,240225,311,False,NA
670,UC9xTxkz6DYaumBV3TZaMVpw,Maximus787,2012-10-13T09:09:00Z,10,265730,161,False,NA
671,UCcqmDO49s3X2O-n-088a8vw,dandradell,2010-08-05T13:49:41Z,4,5756,5,False,NA
672,UCj6iJTEk_YLd9o1Jqt5xdYA,U-Spray Bugspray,2008-01-06T15:29:08Z,339,16015613,0,True,US
673,UC3kKWui3o96J9nn1lkRwPcw,DontHaveUserName,2006-02-08T01:46:28Z,1,7172,12,False,NA
674,UCu0wB4RWds4nr1dsd-r20JQ,Juanny Rodriguez,2008-10-23T21:13:20Z,13,42951,64,False,NA
675,UC92lZ9DgpF_9wmIUq9RIYCA,jechuy85,2008-08-01T18:10:28Z,261,7216660,5230,False,NA
676,UCZsjyt3uUzX1WjPx5Xx-kRg,Rhein-Neckar L√∂wen,2009-04-21T20:49:24Z,1134,11141150,26600,False,DE
677,UCtAVULgy36_oLYhqL3isw2g,CNR Music,2006-10-20T09:09:30Z,1057,135245390,95700,False,NL
678,UC1eX5wWGYtRK4rdTc77Rv2g,Strong Arm Sports Podcast,2012-02-07T13:58:27Z,663,8606179,77400,False,US
679,UCadeTfYRY_z0YDEjnp-G6Tg,melissamerry,2007-12-03T02:21:24Z,1,2949,0,False,NA
680,UCV6CUMU_qxAfk9e95ouY9Hw,fuckslipknot,2007-08-22T08:41:10Z,32,114152,12,False,NA
681,UCmL1WlDI8UkXDXCXcBQN9CA,Ultra Bollywood,2009-10-21T12:28:20Z,9932,14387588830,27700000,False,IN
682,UC76lmZQ21I84rFRPhX2q2tA,NoMorFriction,2010-09-16T00:10:00Z,13,45424,145,False,NA
683,UCxmdHBtWHO3e_76bNY3absw,Kelsey Wildman,2010-05-27T01:30:16Z,3,4891,9,False,NA
684,UCYe-j_a6tAVTZyZrGCZq8dQ,MSA Agency,2008-04-03T20:53:43Z,63,614842,797,False,NA
685,UCYRStfklk8otfZpY9E5nK4g,Encorda2,2010-09-12T20:31:37Z,232,9558213,74000,False,ES
686,UCLXsp7GMZs9WAzpf2upSWpw,Hunterelectro,2010-03-13T22:49:12Z,19,15154,36,False,NA
687,UCX-yBC6iSJlKfLi98mtcBeg,The Raven Foundation,2008-02-25T17:17:17Z,542,415704,1260,False,NA
688,UCXUVrPB5njxF8IBae0ttJPg,Snap-on Tools,2008-01-27T14:45:29Z,574,17698782,85300,False,US
689,UCMV_qLZHelFkKoI55DfD70g,Learn How To Screen Print T-shirts,2012-12-23T23:11:43Z,35,2330586,31900,False,US
690,UCSv6yKLOumjO0JnPt5bcPjg,–£–±–∏—Ç—ã–µ –î–æ—Ä–æ–≥–∏,2011-08-24T08:38:35Z,405,2112625,13400,False,RU
691,UCQpC5Xa15Gdyby9rbWG6BpQ,Ivan Lekandore,2008-08-24T11:43:47Z,23,179403,315,False,NA
692,UCS2P0xawLDZHWFyBymVOK1A,shnobel,2006-11-23T06:12:48Z,2561,36222693,50000,False,US
693,UCvAN6YEXlaq1CfgSZnirLbA,leekermode,2011-02-16T21:55:29Z,7,13868,21,False,NA
694,UCaV95UnnLvOqYrE5045ZsTQ,rikuntyudady,2009-12-13T11:33:58Z,28,55779,73,False,NA
695,UCWAE56h2fnfzENVmQhW5Eyg,TwoFitTwins,2014-09-29T04:52:09Z,11,713371,3810,False,NA
696,UCWy92ED4uH2tD149Ubk4--Q,Beyaz G√ºl,2010-01-26T21:22:31Z,21,379048,87,False,NA
697,UCtaYUtD7j-UDRccC5WdzglA,Institute for War & Peace Reporting,2008-08-06T16:14:24Z,343,6070327,16000,False,GB
698,UCMf2NsucUuJYlF1aN5tmG_Q,brave1225,2007-04-29T11:38:11Z,183,277687,551,False,JP
699,UCRD6jdpxNXO57p13uUt6afg,GamingTV,2012-01-27T08:03:46Z,127,267057,1610,False,US
700,UC8k9J2Y9eE0N28mihfLD9fQ,MotoSport.com,2008-01-31T23:11:07Z,234,4575020,197000,False,NA
701,UCYAnCh6SqIyaL6Eoj1Llhig,Riders Match,2009-11-09T13:46:18Z,0,0,0,True,FR
702,UCY_Ss4xRkzDMM9MzKjiqnCw,toys210,2009-10-04T22:20:31Z,1589,20101773,28600,False,NA
703,UCdwmfUxRXrdmGfxpvg0DH0g,TCI Engineering,2007-09-14T15:13:20Z,428,1608135,4640,False,US
704,UC_l4MUMQx5C189xisDj52gQ,telomerese,2008-09-02T11:05:36Z,869,192586,91,False,NA
705,UC8YLUBuHjRIc49mAEXynZPA,bb7200sncf,2008-03-31T14:54:53Z,25,171276,41,False,NA
706,UCzpdzS-yHv3naJFb2Ojcw3A,Thrym,2007-06-21T15:33:44Z,204,1882403,386,False,NA
707,UCgDRHon4vwkOgd1ETBo-laA,lani rio,2010-10-17T18:17:24Z,15,62513,61,False,NA
708,UCBfDOjJK0xbRpP_RyqLP7yQ,groetenuithilversum,2007-04-30T11:35:51Z,13,65358,12,False,NA
709,UCmSnopYR03AJufr4-tPJH0Q,Anth0holic,2008-01-20T09:19:48Z,339,3323921,403,False,NA
710,UCjS8211BG-4Ixldev02qSuw,Dj Kam's Dzk,2007-10-29T06:37:45Z,4,1397,123,False,NA
711,UC8_JumwjO1xA6gnd-SRJbrA,HookedOnUtah,2009-05-06T17:30:48Z,346,1592251,4820,False,US
712,UC7SpLClHphJGNAFA2HbMLzg,Mista Pimpin,2007-01-26T07:47:41Z,4,6693,259,False,US
713,UCi09iSRiQuI8Yum2s4Jqk0A,arcoiriizalex,2012-12-20T07:09:36Z,1,19323,14,False,NA
714,UCKM-4OlZgD1iBclTOBVyI-Q,BudgetHobby,2014-05-10T16:15:04Z,73,71412419,513000,False,MY
715,UCIUsF7kMTGigJJd8qWYuvkA,mcnoj123,2008-09-19T01:10:03Z,9,1370028,2940,False,NA
716,UCc77G_FOiLE1RLyegKMWFEQ,Holly Galligan,2007-06-23T19:34:57Z,26,13072,19,False,NA
717,UCUhNmvjnOCtCRqCfC180z5Q,ProjectDIVAChannel,2012-12-27T01:30:28Z,349,997153,6230,False,NA
718,UCUrZK4HLiPpMVJYi9SvN9IA,Willy Cross,2011-07-28T11:15:46Z,3,4358,114,False,NA
719,UCCHOj2caVpX0rbKWUwfc7nw,Abhinav Srivastav,2007-02-26T07:39:53Z,70,424482,1490,False,NA
720,UC9niXIxvN0X3B3nybwquQ8w,Kevin Hayes,2007-06-02T20:39:28Z,64,103107,35,False,NA
721,UCfF6hVZ-eVGE7yP9QECDK-g,MS G,2009-10-01T21:49:46Z,69,1912373,4510,False,MX
722,UCG087oup63HrkYKw6H4Orcg,jazzfabz,2008-10-09T06:31:15Z,90,490891,856,False,US
723,UCFjP-tlWXRZG4vc1SJaZWgw,musical mania,2013-11-16T21:37:17Z,191,2348300,3320,False,NA
724,UCMsHRBMzq1TApRcC5MeD7QQ,BilalAljmzawi,2008-10-08T19:00:18Z,406,16974810,6240,False,NA
725,UCpNbMDNc_GXApuxL4aHjSsA,Paulina Cocina,2009-06-08T15:24:22Z,647,249053042,3000000,False,AR
726,UC4JEc3D9aQgG6CPXZVScDZQ,thiapathioli,2007-08-01T13:27:50Z,8,44900,15,False,NA
727,UCC1UcDbrHhqtmZ-XmQ0XhCw,Vykintas Vainius,2008-03-26T16:10:13Z,20,38461,88,False,NA
728,UCrfab2aBVpXhJQvcPumUo3A,elzzzie,2006-08-04T12:15:28Z,88,520160,79,False,NA
729,UCfbihn7U49ox9oQcI6EuQWw,Hey Hey It's Saturday,2014-07-31T22:47:02Z,1331,16387060,28300,False,NA
730,UC29Po77t3EDh_2quyrfR-Dw,DCnepal Com,2009-03-11T02:55:26Z,2487,19082689,49300,False,NA
731,UCxqBrvhUF9Ebc9BQxK7JjVA,kitaslove20,2007-12-19T17:37:32Z,18,778812,212,False,NA
732,UCdlHmsUn-pvgOaZ3E3vj6Lg,aleenf1,2010-09-04T13:48:07Z,167,4412884,2960,False,NA
733,UCfCj-cHNM78KgfXdMVRDb6w,Kanyavee T,2008-06-07T14:06:51Z,4,45229,10,False,NA
734,UCujb5MIcKh7KeSWQ7Uax-Wg,ARMBETS TV,2011-09-09T07:44:08Z,2614,77836525,183000,False,PL
735,UCPZQB35QNvyACZan7PMUZLA,El Porvenir MX,2009-02-23T01:47:13Z,11043,31974967,33600,False,NA
736,UCjZtkT7xZj05CnDUA33MBQQ,Mr.X Paygox,2008-06-24T16:52:06Z,49,771642,843,False,NA
737,UCg7DHIQXQwuDrItu84MJgew,WeGottaSituation,2011-02-06T22:58:57Z,275,2226435,9650,False,US
738,UCHc3el42hXKKhjs_1vzWk9A,Telefe,2012-09-10T13:48:33Z,76436,3842472900,4870000,False,AR
739,UC0tGLNPcRvZEzuBYiFMC5eQ,Telefe,2012-09-10T13:48:33Z,76436,3842472900,4870000,False,NA
740,UCKnFmxcCDhL9h67Q20GubRQ,noor a,2010-12-23T23:22:57Z,37,59856,134,False,NA
741,UCFsOHIk_L2ujgO4ARD5d9_Q,petcAVAsile C√ÑNT√ÑRI CRESTINE 2020,2011-02-28T19:43:16Z,1011,3961315,9700,False,RO
742,UCpTFa6iMQ2vMKfTjq3OOCtg,Fotocameraguida99,2012-01-24T09:12:31Z,17,40824,17,False,NA
743,UCTuHIoX1JHYNtKhemy8hsRA,daniela paredes,2012-10-19T21:13:58Z,13,10486,4,False,NA
744,UCypHcf4Zl17QyY-JZmrZvsw,xfdasfads,2007-01-03T16:35:06Z,31,291431,26,False,NA
745,UCVdlqEnP5kA9DyMwabjANsg,Triveni Music Bhojpuri,2012-03-26T16:27:51Z,278,1417891,0,True,IN
746,UCdAaglkVn0yuXcH5xvnIbQA,„Åª„Åü„Çã,2011-01-09T11:37:21Z,86,10245425,4890,False,JP
747,UC5r3WHrX4Z7peSYpDlgktGw,Talk To Me In Korean,2009-07-21T23:07:21Z,1677,54539403,1110000,False,KR
748,UCshyM08-MXmCTAq74i3aIkg,PhoneBunch,2013-02-27T17:16:56Z,857,33277884,96900,False,IN
749,UCfv1BXGB5n396-twcVKp4BQ,P'tit-Yann-68,2011-05-24T20:26:38Z,26,17908,24,False,NA
750,UCmnp-WxsWlhdGZ_lforMX4g,CardsInfinity.com,2007-03-06T03:25:01Z,68861,62673317,42800,False,US
751,UCv5vbEwaUh0LO6dwVa0iVEw,WMTV,2010-05-31T19:35:43Z,5899,130589399,223000,False,US
752,UC4fxQhWEtdx9R2YHyBNML1g,The Rose Lightning Channel,2007-04-14T09:39:53Z,216,36999,780,False,US
753,UCkEeEFu-z9fF_Wpr-tsOoDw,Merlin'in Kazanƒ±,2011-08-10T11:49:17Z,1616,12338726,44900,False,TR
754,UC6tMN5nmjuWFK3EF6VQ1SuA,MeedFilms,2009-08-28T08:02:03Z,89,851825,300,False,NA
755,UCHrl0SCnhZ2czuezyMZz9ag,Ben Roesser,2008-02-17T03:10:19Z,0,0,2800,False,US
756,UCozv2WyA_7HJezHV9BW-_SA,RANGO,2013-08-16T14:37:59Z,527,21766273,359000,False,BR
757,UCl6mJdBn-R_jAsFXq8uFZng,hsbooks66,2009-10-10T11:09:40Z,349,95101315,94100,False,NA
758,UCUcAiwBk5bjOB-FArf4eOuQ,Meow Me,2011-09-14T06:09:37Z,122,246869,603,False,NA
759,UCeQmge0MSMyQqDhVk0zsmjw,HelloDollfaceMusic,2012-02-05T18:51:09Z,38,28529,0,True,NA
760,UC9LKH61gteD90fEuySOnzDw,onrpg,2008-01-02T16:49:48Z,1739,6684681,5650,False,NA
761,UCwzPyAbM-mBHg5ISpmkQ3Ow,Poor Man's Gourmet Kitchen,2012-03-05T06:25:32Z,470,24653586,199000,False,US
762,UCak8fK-ILF4ep9TkTrnvpSw,NaTiiX,2014-05-17T07:33:02Z,144,156663,5300,False,NA
763,UCJMPb3AhRVjPGMZYQb_kIyg,Marcello Passos,2007-10-14T22:08:41Z,43,245591,280,False,NA
764,UC0lCPqGnp2Ms9BVO_PwT7_w,Moving Color Studios,2011-08-14T04:06:54Z,38,78190,0,True,NA
765,UCLQZTXj_AnL7fDC8sLrTGMw,RevZilla,2009-06-05T17:24:44Z,7469,250867379,932000,False,US
766,UCG1sByvYsOVfu7uVliY8qOw,SmartBrainChild Sunday,2010-01-19T00:54:44Z,630,100176823,152000,False,NA
767,UC2MYPIpoyCzCJ6vkL1LpZYQ,Clavvelele,2006-10-26T18:31:26Z,23,882369,513,False,NA
768,UChoz8fVg1M0QHJTCWDwZPhw,DisneyShowzz,2009-03-25T03:17:05Z,25,319854,156,False,NA
769,UCjmjWp38PCg15Z5ZS-tmpfw,ZigWheels,2008-10-15T12:11:10Z,1276,156813573,560000,False,IN
770,UCt8w6KPEDkf_Qe1FreHCU0A,Arab Idol,2010-07-03T20:58:21Z,989,2815896180,4810000,False,AE
771,UC62FeQXll5aE7U7YirwwpWw,stefano biondo,2009-02-06T20:33:46Z,6,8047,5,False,NA
772,UCuRKwEJhPkAzIUpntqxDHQw,Bobz Studios,2013-01-05T12:49:53Z,669,2193137,4460,False,FR
773,UCMzOv2W12eehIDBzLXpRtjw,G√ºneyli Oƒüul,2013-04-27T17:21:44Z,16,154807,169,False,NA
774,UCKKbzv2Mq3YlXhwEd3hx58g,ÿ£ÿ®Ÿà ÿπŸÖÿßÿ± ÿ®ŸÜ ŸàŸÑŸä,2011-04-04T08:27:05Z,257,1007422,2550,False,NA
775,UCjAaUjBrbOnZFB_d4xPal7w,kitarakithara,2008-09-01T07:48:54Z,5,16178,19,False,NA
776,UCrERTllrAthll3gS_LrAtdg,Ecose,2015-06-01T20:40:56Z,16,68358,187,False,NA
777,UChytPNRRSqwF1Jp5_tW-X9w,trafficsjamstv,2008-06-21T03:43:35Z,2,2008,1,False,NA
778,UC5NdbwHcnz5DlBTIotY8HIQ,Basem FIGO,2012-05-07T19:10:36Z,168,2268037,5880,False,NA
779,UCH_agkhtxm48qM5cn4-lykg,ravengothroth,2008-06-10T01:10:13Z,13,117205,142,False,NA
780,UCjcFOi0n4HeR0cWILMkBVuw,articnoble714,2009-11-09T01:31:59Z,28,169579,399,False,NA
781,UCP8-U_UmqteO-fskHwwtX3Q,Nongview -w-,2012-12-04T12:07:09Z,16,107335,85,False,NA
782,UCcnmB4kT9xR8WM1cbnvbY_w,Xracing Magazine,2010-02-09T10:54:31Z,144,479886,393,False,NA
783,UCYJpXXxZ-E_UTVZkGSrScbQ,Mr Djengis,2009-10-16T18:35:17Z,149,208132,145,False,NA
784,UCfHalTgd9GfMoM1az9yLKqg,Andrew Collier,2006-11-12T13:30:20Z,4,5680,18,False,NA
785,UC9Hrgm4iHzcfWM56SVw2tuQ,EU SOU FUNK,2012-12-15T22:51:59Z,50,251553,645,False,NA
786,UC-yqiX1Q_vUORSADVplrkbQ,sela,2012-04-11T13:12:26Z,7,2687,1090,False,RU
787,UCVdrtgK208SJQ6EDMC3sQng,matthayestv,2012-01-04T14:59:25Z,6,40338,160,False,NA
788,UCuCXCyTDYkFxP_LvN4-75nQ,Pierolib,2006-10-25T10:50:40Z,14,8242,13,False,NA
789,UChySZ4hAHvHiCC0pL0GPbAA,JG Georgie,2011-01-20T07:14:53Z,87,495671,2830,False,NA
790,UCq8GvqpdYBjizNGkDJJ9Y_g,ÿπÿ®ÿØÿßŸÑŸÑŸá ÿßŸÑÿ®ÿ±ÿßŸáŸäŸÖ,2011-10-01T19:02:17Z,225,12819450,62600,False,NA
791,UCw51XXsdK-2EC489Emwcqcw,thanhthuybeeads,2011-11-04T10:51:00Z,12,223,12,False,NA
792,UC0xvgIkMAnR-E6A-ThAj7CQ,aliskone,2008-02-27T16:02:58Z,193,200622,35,False,NA
793,UCDCakQTZx0yL_mHgs7pO6Ew,aliskone,2008-02-27T16:02:58Z,193,200622,35,False,NA
794,UColm42gbjL-8al49kqqi4Fw,3amrepmike3,2009-09-11T22:44:56Z,375,33618499,28800,False,NA
795,UC2vuM7StuJ7dapcFqKrPDiQ,korarotana,2011-03-15T07:55:38Z,11714,181772997,344000,False,SA
796,UC3q_7Bja12Vb3NUgx6lX7Ww,minami000sayo,2008-01-28T07:12:51Z,703,2596155,379,False,JP
797,UClKxqA23xYjZqscXHidIVWA,wisdomoftheworld,2008-09-19T00:05:09Z,37,801364,7710,False,NA
798,UClTHe2ceM0je2aFH4Vz83mg,reaganzilla,2011-04-02T20:44:06Z,752,97877849,128000,False,US
799,UCQzfpkHNUviMt1FNiT1NWLQ,MagokoroENT,2012-07-02T10:01:37Z,55,67483,145,False,NA
800,UCybPtozyD1bAlzo3ubKR5GA,MahaloVideoGames,2008-05-27T20:30:20Z,39948,750142705,452000,False,NA
801,UCba2uIYq75m6SNuK8TtmG9A,Disturb Reality,2009-03-03T04:05:44Z,371,108645837,828000,False,US
802,UCla-QAUwgtbiWPqujNxLfcA,rico7738,2006-06-14T03:43:23Z,163,1119907,618,False,NA
803,UCt6pRNqkrWZDUebhL1o3T8w,SEProductBlog,2009-11-13T12:53:24Z,45,3354020,1140,False,NA
804,UC7jE5vgoYGxCahfAtWlk0gA,Jaso,2007-11-11T16:22:32Z,210,148380,92,False,NA
805,UCr1_i2AUi6O7RErRTs4rjrA,achimundsiggi,2010-03-20T14:37:59Z,181,1847994,515,False,DE
806,UCbWX64TI2HJI3Y4Rzs4T-Sg,shynobithief,2006-12-20T02:54:02Z,12,49868,22,False,NA
807,UC072Jd6peqMAy22PUx9bDZA,SEA Mora,2015-06-05T05:02:09Z,0,0,4180,False,US
808,UCd5R8xizUUgzJdwXFSS7_Xg,Awesome Earthmovers,2010-09-02T02:41:26Z,1064,210348649,394000,False,GB
809,UCx54XHfs_9IMVN_ZTKoRuDA,indyfilmz,2006-08-07T03:31:33Z,11,5005,2,False,NA
810,UC2E67yeucJtRLEyyPGjSoww,Joan Hernandez Lebron,2008-08-01T19:58:02Z,49,734404,648,False,NA
811,UCTewGQMmMs0CncOVTMLwhQg,Roth Wellden,2011-05-31T18:30:37Z,1522,69783006,343000,False,CZ
812,UCSVUGVgkOBAtSF_5Lr3BplQ,gasnoide,2011-04-11T18:44:32Z,3,1718,2,False,NA
813,UCVesA0tasKJBTC3ebUNnp-Q,Fernando Rocha,2007-01-07T14:30:42Z,21,151033,126,False,NA
814,UCzs40Csl6opEL5i_4YuK_Pw,Rivital,2009-05-27T01:43:39Z,20,1385602,389,False,NA
815,UCk6TpMJVc5ep4IwqT24Fubw,Richard Piatt,2007-04-01T09:47:20Z,353,2780823,1810,False,NA
816,UCjTCFFq605uuq4YN4VmhkBA,NCIX Tech Tips,2007-01-02T21:57:52Z,2192,280441598,1170000,False,NA
817,UCJKt_QVDyUbqdm3ag_py2eQ,Kuokka77,2010-10-27T05:31:22Z,1449,8539542,8950,False,FI
818,UChbmp9N5NttZT3kGlYUzblQ,Dionicio Canahua,2006-10-16T22:13:18Z,0,0,23300,False,PE
819,UCHRomEuH2hX2nutF7LLkXFg,38pnet,2011-02-21T19:10:47Z,3,24263,20,False,NA
820,UCVVfWafbTKcHu0TyampWoJQ,„Å°„ÇÉ„Åë„Å°„ÇÉ„Çì„Å≠„Çã,2012-04-01T18:31:36Z,942,180614359,177000,False,JP
821,UCFmZ5fJJi8ndEcHUGUNyc6g,Theafrican8,2009-06-29T23:18:26Z,100,304247,97,False,NA
822,UCbKUGwLwOzGif6tRjCC-8Cw,Rubens Jr,2006-08-24T05:12:20Z,37,2380540,450,False,BR
823,UCwyTDDqDcpKHTBiiw678oKw,TheCoCVideos,2013-03-14T04:03:23Z,12,29312,73,False,NA
824,UCw4XhkrEdBM-1gL2Eo30-4Q,mustafaakgul35,2007-10-06T09:03:51Z,2,4457,1,False,NA
825,UC60WHcq3PJBYsytHGPgPoxg,Schaatsen.nl,2009-04-25T20:53:27Z,2515,4421622,5670,False,NA
826,UC50kpGOODel6upboeRr29Wg,Marshall Steeves,2009-07-30T11:37:49Z,20,58161,279,False,US
827,UCGHxwSg7hpLtjSzLy8CZGOg,Jean Pol,2008-11-07T14:45:09Z,64,188295,139,False,NA
828,UCb3Uqx1jNaj_BhFiOvWJVXg,WilliamBillMunny,2012-03-21T11:48:14Z,163,3126182,1340,False,NA
829,UC4XzqIkOvIc88vqprybQoSQ,143jimx,2011-10-25T15:13:17Z,47,210434,87,False,NA
830,UCsOUzkzIkNR7nb_q83wn7_Q,iphoneapppodcast,2008-08-27T20:53:12Z,1213,2647758,2270,False,NA
831,UC8lgcvysZVGxR8Da0RBRW9g,belllebianca,2009-03-28T19:08:28Z,89,9303,2,False,NA
832,UCMjUoV3dgJ9BEVw49MuCgLQ,Edward Zhang,2009-06-30T23:39:01Z,192,193399,153,False,NA
833,UCAonH6Byqym88fBgKTwFdtQ,Carlos Norona,2011-09-29T21:40:39Z,1,3123,6,False,NA
834,UCDo7-HLf6U7rvbngmAhNkoA,Silfimur,2012-04-15T09:11:00Z,161,7998351,15200,False,DE
835,UCLhXDyb3XMgB4nW1pI3Q6-w,comoconfigurar,2012-07-13T01:37:19Z,4367,247727036,775000,False,NA
836,UCA6RuM6RKDlMfOkmNVya_8A,carpcell,2010-03-22T06:22:10Z,910,4131803,2930,False,NA
837,UCXUeZbRVLXITr1ybgSJyasw,55lincoln,2006-12-08T21:21:32Z,2841,10962044,9320,False,NA
838,UCqjtD7Ec9tSThagnyhLBsQA,SpinefarmRec,2009-04-20T08:06:48Z,250,113279865,96200,False,FI
839,UCG_j6ftxQjdaA77tmRmAeBw,chytown18diana,2008-04-16T13:56:23Z,42,17469,19,False,NA
840,UC0d5D3-XIYIxbfwm6o8638Q,NBA 2K Espa√±a,2009-10-22T11:27:06Z,417,9158094,76900,False,ES
841,UCdar0wP4Q40B6K--L9rRZNg,Jakub Krchl√≠k,2006-11-09T18:46:45Z,52,178748,75,False,NA
842,UC6HkVP_xUtr1wIUe4nQPo_A,INFO 4D,2013-04-25T21:45:50Z,66,1758385,9580,False,BR
843,UCEqCrD1a8MhZwjTFm7vn1FQ,Andriy Oliynyk,2012-05-10T20:49:28Z,2,5053,6,False,NA
844,UCFlWwpSC9IJ8ytkEqTtmu1A,lifein2011,2010-12-15T09:36:59Z,133,291570,1870,False,NA
845,UCd0svlreYx8t1jQdTK7PfsA,Triathlete,2006-03-13T06:20:03Z,1195,6233616,25100,False,US
846,UC6qvx3UxVIt1KirvVTSg99A,lighthousess,2007-08-21T09:41:33Z,63,135037,21,False,NA
847,UCa8HrpaNOSoIUrPuqec2jGg,KeeFHQVideos,2010-03-21T17:02:34Z,95,59081997,40800,False,GB
848,UCQ6UXrtnCIuIisdZldq8npw,GameFront,2011-01-13T20:59:53Z,7566,97941921,154000,False,NA
849,UCto35bnvPm_V7iiIvmaqC1A,Site Apoteose,2014-01-28T15:31:41Z,1687,24749685,70700,False,BR
850,UCJVGQvLy0-hyEHYrhhBB5QQ,WERMVEVO,2012-07-23T21:41:52Z,1,12030,132,False,NA
851,UC9O5nvfr1ACJf3lRYegFxhA,dan10k,2006-06-18T01:16:12Z,295,603937,115,False,NA
852,UCcsgb07FIBVGJDNMoLEZ2dA,TheStoreQsr,2010-12-27T08:41:11Z,142,5405262,2840,False,NA
853,UC7w_1PpN4cUrveTEnPR_ruA,jimmyeflyingvideo,2008-06-19T01:59:11Z,101,710386,472,False,NA
854,UCBmI_zgn4U9ZXYEqk9DXI8g,Nella,2012-07-06T12:10:37Z,50,14314667,13400,False,FI
855,UCzSi2vXuhv25VtPk4oT0O-g,Nella,2012-07-06T12:10:37Z,50,14314667,13400,False,NA
856,UCAxtVn4eS0WSE5jaKK6qlVA,mahalodotcom,2007-06-08T03:01:28Z,14032,675368143,1520000,False,NA
857,UCGBI5D5uMO2In5uMD6itvzQ,Bobleperdu,2008-01-06T00:30:21Z,11,359019,77,False,NA
858,UCTrH4s--dRVwV3MOgYkq2Lg,gisters07,2013-05-22T15:56:37Z,3,20279,55,False,NA
859,UC8e_DJXzsNtHm7QV_BDNWQw,ShellyD38,2011-04-19T16:31:59Z,268,557774,0,True,US
860,UC2cU7THEKH-q5-hNMW2IAJw,ace5461021,2006-08-01T21:41:44Z,6,8429,2,False,NA
861,UCg2NfA0Whcx0rzjaN7f8ihQ,daniandkoga4ever,2008-03-29T00:10:09Z,25,122531,225,False,NA
862,UCchtGBIgja5RAmI3XPvV-xA,silrange,2006-08-10T05:51:40Z,278,110538,38,False,NA
863,UC0HAgvsLljXqzSWHWh0ePEQ,ÿ¨ŸÖÿπŸäÿ© ÿ≤Ÿàÿßÿ¨,2009-08-27T22:33:31Z,407,3928861,15600,False,SA
864,UCqRb7uCyZwaK-dGWuE4-N9A,scrappovia,2011-10-20T13:47:18Z,47,29494,396,False,NA
865,UCSMK-_VJEhTG_jDhlK04VdQ,Beauty by Walgreens,2007-08-17T23:09:51Z,532,1844087,4830,False,NA
866,UCErcXQgmjsow5UpLXT1zn9A,AE111ZXS,2009-09-26T23:50:04Z,28,17622,9,False,NA
867,UCJaXKxlkzx3DcgtniDCNQ5w,jmkn58710,2008-02-02T13:30:11Z,1013,30837470,51800,False,JP
868,UCfBLXTwLoUpDAkHcHizW3Jg,SNES drunk,2013-05-31T23:31:48Z,857,62197934,217000,False,US
869,UCGBc6qyVKxHYkhmjCl0N-hw,Arnaud d'Alfonso,2007-01-07T21:52:51Z,235,1372771,432,False,FR
870,UC7Twvlx1B3dGuUcE3xed36A,Landbouwspotters,2009-10-03T16:40:12Z,266,3249590,3750,False,BE
871,UCdt9STEaWQm8K2mBqUZ6fdg,Luca Dorin,2015-03-22T10:41:22Z,30,184342,349,False,NA
872,UCLYmWAFs8RacdGtVauakGWA,trentobento,2006-02-03T12:56:55Z,18,114091,63,False,NA
873,UC-fxtRERUCXfRdJQArByuUw,84jr0,2007-10-08T14:20:10Z,9,3337,0,False,NA
874,UCE5bqtxuCT2wHUNCH2KmJ8g,muffinman12345,2006-07-02T11:13:16Z,30,919336,64,False,NA
875,UCiOxToRlpasZY480lsKVPaA,Andr√© Santana,2008-10-11T20:01:57Z,354,518467,3540,False,BR
876,UCcxSNAgdGgEaJ2Mm_M3L8-g,Roc√≠o Ruiz,2012-11-29T20:42:10Z,40,262322,777,False,NA
877,UCVoVN5IZfmOpm53LTWv_mEw,Nick Smithz,2012-11-19T13:41:20Z,4,130,231,False,NA
878,UCJaKiPozicrSedDDqY93nxQ,sl8er1234,2007-09-08T22:53:22Z,2,10856,4,False,NA
879,UC_0VY4M2TRjeqifpziwsOKg,Shaiote Klata,2008-06-16T08:21:35Z,12,41673,41,False,NA
880,UCCECNSIYtwijzr43XNdfQlA,RobbieKessell,2008-09-07T17:15:52Z,31,242780,687,False,NA
881,UCE570Jqw0OEqtNY06QqlAOw,Reid Dawson,2009-08-09T08:44:25Z,412,7979625,17400,False,NA
882,UCfykEQGKbx5bDfU8DmrOE_Q,Hazara_Art,2006-12-12T13:14:36Z,17,23605,28,False,AU
883,UCpe2J0PdNmsqXokblCQWkVA,ReifenDirekt TV,2007-09-14T07:02:47Z,307,4093900,788,False,NA
884,UCGZmkgX5xXZZboN0-ZRp3_A,Charlatan Wonder,2011-04-11T04:00:41Z,290,13558439,95100,False,US
885,UCoNIsGJ2pBhDb6HdtzobUtg,sportmartialarts,2008-08-16T16:41:21Z,8942,11763996,23000,False,US
886,UCWAWxTiKzFfA2yO7hjO6kXg,1ldulduldulduldu,2009-12-20T23:58:13Z,1,5552,4,False,NA
887,UCFS2EPWhtlQg6d-r8Qq3wcw,bboyyouval,2007-07-31T05:01:41Z,3947,16769166,11800,False,FR
888,UCGDpVWPZ-WGPntuWF1Kik7g,mradrianwynn,2010-10-07T20:31:02Z,13,57252,11,False,NA
889,UCWn-raTLcIF-YKOHfQLWjaw,skydog46,2006-03-16T04:24:42Z,178,5608769,2850,False,NA
890,UCVA5wo4V5qO6PRGJuvMH2nw,intedomine,2009-11-22T20:49:52Z,58,106387,182,False,NA
891,UCDS7re9AD8jTg-peowkU2ew,WereJackal,2007-01-02T08:47:47Z,115,1321470,318,False,NA
892,UCy--nD1pnUyWk8HDg9orNDw,Nelson Sarmiento,2009-04-07T04:55:44Z,320,4036769,3200,False,AR
893,UCWkWxxfDu2IMYvpl0dCtc2A,shdwgrl,2006-04-07T21:04:43Z,9,8502638,11700,False,NA
894,UCI7s-cS_zUSOZHLDcxI0I8Q,Vicar RS,2006-09-05T15:20:34Z,129,197641,118,False,NA
895,UC_F8QHd5dfmWdCIW4cOmPSw,James Rowe,2012-10-03T21:58:53Z,1,2390,4,False,NA
896,UCRFBivFMyx3ogRK-n0eTIHg,Kerrelyn717,2011-06-25T15:03:29Z,10,123324,111,False,NA
897,UCNegomi4-XAmUATq_EH14XQ,Arvid Lager,2011-09-22T15:25:23Z,0,0,285,False,NA
898,UCCqv5X4gnuwuD83QpXWCwfA,Drag Racing & Tech,2006-06-22T11:16:47Z,20,25997,40,False,NA
899,UCp-yWSkH2RfK5xm-Z3qo9yg,utfkiyikmjha,2012-02-08T13:04:56Z,17,15110,10,False,NA
900,UCQYYXFpo5jbWHNEk7xKdGYw,ŸÖÿßÿ¨ÿØ ŸáŸäŸÑÿß,2008-04-06T12:39:59Z,59,496872,0,True,NA
901,UCQlGBspQdj17WOPBQMT1k9A,ExpertVillage Leaf Group,2006-04-05T16:06:12Z,256486,959493077,3530000,False,US
902,UCyNOucLDZXhAx6ztScV7iFQ,Opotiki,2013-03-02T00:52:33Z,11,283842,369,False,NA
903,UChyM3jcR6gRgFpD5U1ZclHw,Jamil Moussa,2008-07-09T21:52:10Z,125,536507,894,False,FR
904,UC2uZWCSw31y2gkYwpE109hw,CaptainLego100,2009-12-27T14:57:10Z,6,17403,88,False,NA
905,UCujVymNv8X9PY3HDB_5sBAw,CaptainLego100,2009-12-27T14:57:10Z,6,17403,88,False,NA
906,UCEpyUocnghlUQKN33yFIfmg,YeouschReloaded,2011-06-25T02:15:36Z,1096,11153071,94900,False,NA
907,UCiF0dg4CWC21EZK1PhmQmiw,BuzaPerm,2011-08-15T18:09:39Z,28,79615,127,False,NA
908,UCFgkqor41YbYZGQOXmhp7Jg,Ceramah Ustad,2011-09-15T10:53:01Z,3,15354,18,False,NA
909,UCYEdXCUKJOqlJA1GIPcRN9A,MrMudd256,2011-07-12T18:26:44Z,27,100895,502,False,NA
910,UCHRD0xFQAvhI-5IZBEdYrDA,Perkins School for the Blind,2007-02-13T22:10:32Z,621,1605199,5110,False,US
911,UCPaYlmMUjYRGrUJ8DwOaK5w,mentalbro01,2008-05-04T14:57:49Z,15,5158,11,False,NA
912,UCMGY0ZWQmyqHzKZcJXaaxnA,The Master of Hoppets,2009-12-10T16:10:45Z,3751,2825793,9740,False,DK
913,UCch-SOIuhnwFBMmciaQWj3A,MuseBox,2012-10-21T19:12:01Z,64,30281,48,False,NA
914,UCh17-nOzhd1tE9bqztkCuqw,DON BIGG,2009-04-01T00:50:31Z,120,152924560,1340000,False,MA
915,UCHSsuyGJK9vQsBQJTvurDhQ,Ashley Nicole,2007-06-22T14:34:24Z,191,1145736,2780,False,NA
916,UCTY4pLYBU6AcVSeCCuHmJaw,PlayscopeTimeline,2009-12-23T15:34:47Z,2703,42529919,27100,False,FR
917,UCuNg_HbU7s_WtDWUsKk5Kdg,„Éõ„É≥„É°„Ç§Èº¨,2014-02-07T09:29:59Z,58,456197,415,False,NA
918,UCp49CTyOuj5OUD2jRjZFe2Q,master.tk16,2013-05-20T06:03:03Z,23,286960,272,False,NA
919,UCGDJLLphnP0zQQaE3kgo5Wg,Televisa Monterrey,2013-05-14T21:45:14Z,39279,536241822,811000,False,MX
920,UCH-zUJlLeg5H6KYu0IZHBtg,Dallas Hall,2012-12-25T13:03:36Z,17,9864,12,False,NA
921,UCM4_7Tc_mlsnc5iSuG5qB6w,MoBoogie,2006-12-19T00:11:28Z,1395,88687620,111000,False,US
922,UC0ljjis1QzFoKBxA9O4gQ2w,Bungday,2012-01-05T09:40:39Z,12,28908,16,False,NA
923,UCIfAxaxkWgIiJTkBpePGZHQ,stefano gennari,2009-10-29T15:34:03Z,727,5218946,8960,False,IT
924,UCeFVkJQhBIQW3ONm28h2OAQ,kretanguy,2009-01-27T01:31:19Z,17,170791,164,False,NA
925,UC79wJrCqxStX4wBYbXN49dw,JoeRedeemer,2011-12-17T06:07:04Z,17,189071,105,False,NA
926,UCed30r-gRqG4tcLPs3CrWqQ,WyldFyr56,2011-09-14T17:13:03Z,196,31554,335,False,FR
927,UC3XAKdJHovW-QOEaY0Z5QzA,chun yi,2012-08-31T15:19:49Z,1,81,132,False,NA
928,UCupCNl_codsqX8G_jPEF9xQ,fede rico,2007-10-13T04:55:31Z,5,5327,1,False,NA
929,UC-IfVWMwXH7UazB4PrE_Vyw,Natalia Simmons,2011-03-18T20:17:47Z,144,5761975,25400,False,NA
930,UCAqisf-D6i0IvYr6m0_-xpg,yubel328,2010-05-18T23:18:22Z,58,11775,11,False,NA
931,UCf3ApfNSqikIlGD2KxnbUUw,Aleksandr Haskin Flute Channel,2007-03-18T13:40:02Z,83,453337,1310,False,US
932,UCzoI6lBLD63DtM1eukZn2Wg,Clara Barreto,2011-11-17T18:36:20Z,1,1250,3,False,NA
933,UCB0wpYIScTBRoe9My5g9iGA,Ozgur Gercel,2015-03-11T08:43:08Z,318,8437485,63700,False,TR
934,UCsR9VKs7WUawo8TAEGthb2Q,andria kal,2010-09-20T16:25:34Z,425,29308555,26000,False,NA
935,UCC_uUzH7EhOHjm9nQDfGwag,Oliver Coysh,2006-07-27T10:17:49Z,14,2341986,5010,False,NA
936,UCqBjfnrystNidAdNNGVgSow,Dr. Eloy Rusafa,2013-09-18T17:35:52Z,6,222117,0,True,NA
937,UClhEIA4NgUey4ty9h8AllHw,qbanguy,2006-10-10T23:41:42Z,179,147516886,1420000,False,US
938,UCZcCmWhvK0gfThyWRmRerDQ,K√äNH VTC1,2013-07-19T10:57:03Z,53532,3211670310,2950000,False,VN
939,UCvzABOeXdl7zdy2Lb7URdUw,jovando7,2008-12-12T21:04:48Z,51,1269445,707,False,NA
940,UCI3l_VapjxYpwmQmv3cojUA,Puy DaCosTa,2013-06-15T21:26:15Z,4,6650003,22800,False,NA
941,UCxpCwbq-nIMDKj5RfL_6llw,Arno Mermet,2010-01-27T20:46:09Z,23,2267408,8390,False,FR
942,UC32IFxNwIJFkC-nyHDtQ9yg,OxO445,2010-05-05T11:13:20Z,14,28725,15,False,NA
943,UCNfNC94p_0m302SkH8KFmFw,CoBoomTV,2014-07-06T18:26:33Z,83,4184899,50700,False,NA
944,UCIbuh_hZh6hqPbknWDF1ESA,AquVids,2009-03-17T16:03:58Z,5,22151,2,False,NA
945,UCbTLwN10NoCU4WDzLf1JMOA,YRF,2006-06-07T23:07:50Z,2861,22244050211,39200000,False,IN
946,UC0qu9kIJ0C22EzcVOZHsL6A,Op139,2008-07-15T19:32:55Z,42,9213916,5070,False,NA
947,UCaBoHaHkl26DeN_ahaHNaEA,Retsu,2012-04-26T23:30:19Z,54,55068,67,False,NA
948,UCwvxISJ5KLig-lKgl21YJhA,–û—Å—Ç–ú–µ–¥–ö–æ–Ω—Å–∞–ª—Ç –ú–Ω–æ–≥–æ–ø—Ä–æ—Ñ–∏–ª—å–Ω–∞—è –∫–ª–∏–Ω–∏–∫–∞,2008-02-03T19:04:13Z,159,793986,1840,False,NA
949,UCgc4WcUwasw1WJ8qPmgfKSQ,BonesOnTheMend,2010-08-28T01:05:09Z,91,2918312,2010,False,NA
950,UCDcDw3eCZvwNQdLfSUzhkTg,Sporting Kansas City,2010-11-17T04:26:30Z,950,1762431,22500,False,NA
951,UCSvyi6Z6QI1uGsOBahqhlCg,SectorAmateur,2012-11-29T16:57:03Z,867,954292,5480,False,MX
952,UCEg0AqZPRi_mDEFFPZP58SA,Mami Amiego,2013-03-29T14:27:08Z,846,30009315,11200,False,JP
953,UCAQzr076v_RxV3Z6NC5kjHQ,Kosmoh Films,2011-06-12T17:33:22Z,62,127042,526,False,NA
954,UCVa_pizLo_pRoKcXXiADNDQ,Mario Gunawan,2015-03-10T12:12:30Z,23,58249,25,False,NA
955,UC3YoSom6K2d55rhAC1us-fw,The Adobe Empire,2010-07-10T17:34:11Z,136,176908,203,False,NA
956,UCJhRcJw8q3ijByEVqj4-s0w,TV Metr√≥pole - Canal 16.1,2012-03-26T13:59:10Z,1662,1215520,10700,False,BR
957,UCysdrbENErWAI4Z9L2Zv5eA,tabithasbo,2009-09-24T14:15:49Z,88,435250851,370000,False,NA
958,UCoZ8DmwTsiQRquL1Bg_fdfQ,Ako,2009-02-05T22:04:15Z,807,2646778,10100,False,NA
959,UCc7Tj3G1u2r0o1qQXly8bzw,jin kwon,2006-10-26T22:25:49Z,195,172925,60,False,NA
960,UCUprybWEqWn74kcc9KircGA,T·∫°p ch√≠ Zinegame,2014-02-14T08:40:16Z,3,6894,3,False,NA
961,UCt8CdzMEoTie3iix3KmvV7A,GameSprout,2011-05-16T19:21:28Z,2599,1614374612,3560000,False,GB
962,UCxQNoLm8uv_XNWk0XiQ5EHQ,BrohnsProductions,2011-07-26T14:39:42Z,38,56603,35,False,NA
963,UCPo-HlgBo8lxdPWCF62E-2A,mybutterflykisses12,2009-06-18T23:57:16Z,705,6077695,41300,False,US
964,UCp9y2SHuFrkuMbdiaWgyw4g,Ëî°ÁëûÊ°ì,2010-01-30T15:30:28Z,157,246865,119,False,NA
965,UCIyN1hVAIWKJuao3JcZ6HUw,nono yumin,2013-08-16T15:36:25Z,4,40819,13,False,NA
966,UCBV7B3ZOjXsqtj73CDeItHg,Whispy Woodz,2014-02-21T23:04:56Z,173,359843,4330,False,NA
967,UCRT3L0I7rO72nMQkqQoXP1g,Johnson's Gee-rage,2007-02-06T23:58:12Z,1265,12652585,21200,False,US
968,UC_aYoCs8w45wFS8pP1CVshw,ModellfliegerTV,2012-11-30T17:20:13Z,2,14758,26,False,NA
969,UCCtl6sSl82MC__WcX87iafw,Paulinho MiniTuning,2009-03-06T05:35:59Z,26,80605,36,False,NA
970,UC8WKMRIdDx0oG5bOkG4smgQ,zunberabo,2007-10-07T15:06:28Z,1784,39507568,40700,False,NA
971,UCIL-JFLvovsFao3vrsXGzag,Dynasty,2008-12-14T23:09:20Z,2975,178327054,466000,False,US
972,UCoIGPxfGxT8Sbdjlhnf9GRw,RUDA,2011-07-14T14:55:01Z,16,8108,3,False,NA
973,UC563EZ1SLzgfDIHLRmzIPRQ,Dmitry Dolgov,2008-11-09T08:09:31Z,80,57872,96,False,RU
974,UCVawWVTagFACtQM-Bz9oZLg,Cyfrowe.pl,2008-01-10T14:35:16Z,378,4191437,9400,False,PL
975,UCiH9RaD34m5GsisAVde2bbg,Kontiki Travel,2011-06-13T11:52:48Z,335,1602429,2090,False,RS
976,UCnpFV9Jn21yCbZAOpVKGL4A,Lisa Lynne,2006-05-07T06:54:03Z,92,624798,2360,False,NA
977,UCmeL8GwfOyH6Pt0K9lWCwww,Tomomi Isozaki,2010-03-09T07:23:29Z,7,130756,18,False,NA
978,UCtAebVfbry-Ce4oXqkcBJJw,AGROB BUCHTAL,2011-06-17T09:19:44Z,67,184234,527,False,NA
979,UCbcPIsA5txPImroBVaJiRaw,KTAstro TV,2014-04-26T04:29:14Z,183,1094313,17000,False,US
980,UCoabqfMFYggLI6q_iJh8-jw,spacezoomer,2007-04-17T23:26:37Z,207,212386,271,False,US
981,UCHXbZQUE49YwHbAJc9Z6wZg,12345644821,2009-12-02T04:28:00Z,108,103945,48,False,NA
982,UCWMTR20z_v1zk9V4EJZAEmw,Kai Young,2011-06-14T12:11:17Z,451,45930343,317000,False,IT
983,UCMIebNc34EmVsbAYOY_vDNA,omerakyel,2006-10-25T23:14:40Z,3,5360,1,False,NA
984,UCV4_mYEdMcv1YeqZMMiBbsA,Imprintablesdotcom,2007-01-30T14:54:21Z,152,1525949,5210,False,NA
985,UCH2X_ZuR8FZalU4xu8hNpow,Ë±ÜÊü¥„Åæ„ÇÅ„Åæ„ÇÅÁê•ÁèÄ,2014-05-21T11:39:48Z,249,4685443,0,True,JP
986,UCuZIrql4x_Jr6aXKRoAOrFw,laguiaclasificados,2010-01-06T21:29:21Z,1098,3202200,3600,False,NA
987,UC0EKpxlBw6aM6MADzbxfcuQ,„Éú„Ç¶„É™„É≥„Ç∞ Êäï„ÅíÊñπ„ÅÆ„Ç≥„ÉÑ„ÇíÂãïÁîª„ÅßÔºÅÊñ∞‰∏ñÁïå„Éú„Ç¶„É™„É≥„Ç∞.com,2012-12-12T07:44:26Z,141,6645355,11800,False,JP
988,UCAo76BuzZtVKnY45lF2s8og,Dani Arifudin,2013-12-23T07:25:17Z,332,2557525,7980,False,ID
989,UCd4-8S_rZ_M2UxI96pbypLw,CosmoDrazi,2007-02-16T15:23:10Z,28,640744,1360,False,NA
990,UC2DP749XX4HuBlJufmKsRdA,Saor Suena,2012-05-24T16:07:40Z,6,7282,90,False,NA
991,UCue5UlXITzJz2eopYE_yedQ,Christian Roy,2010-02-25T23:16:53Z,15,14311,4,False,NA
992,UCzoOfm1AILwHCgv2Dc3mdvg,Dave L,2013-03-29T11:42:31Z,0,0,43,False,NA
993,UCOjF7GPRHEGA5f3074L_Tkw,Amanda Murphy,2011-11-08T18:53:15Z,7,3766,8,False,NA
994,UCBtB6ULonhMb9jXE72CNz-Q,Amanda Murphy,2011-11-08T18:53:15Z,7,3766,8,False,NA
995,UC2l2CRfsl73FV5EETuNcNhg,–ö–æ—Ä–æ–±–µ–π–Ω–∏–∫–æ–≤ –ü–∞–≤–µ–ª –ê–ª–µ–∫—Å–∞–Ω–¥—Ä–æ–≤–∏—á,2009-08-18T20:00:29Z,82,29757,20,False,NA
996,UCjaSeKdnPGviZREF6EcnJcw,Kritika Kamra,2013-11-18T18:56:40Z,20,243492,4030,False,NA
997,UCD-9G8Ryrq9o7M3fEWk5rsA,Jihye Kim,2011-11-10T02:08:45Z,1,2749,12,False,NA
998,UCXbBAdHOCyfUd6ruv_RUOPQ,Kurisu007,2007-10-14T02:19:48Z,219,98055,132,False,US
999,UCKm_mjfGRx0kCT7QKNiuylw,Kurisu007,2007-10-14T02:19:48Z,219,98055,132,False,NA
