channelid,videocategoryid,channelviewcount,videocount,subscribercount
UCdzU3DSGzyWzN2118yd9X9g,22,14654,30,18
UC0UnhAG47DRyVZGVcbhAXhQ,10,105909,51,184
UCXjtAvK5P3wXBGh0vbGylzg,27,48265,72,338
UCeKHMeUlcLNPLCLUfZUQI2w,26,2116722,172,22051
UCNWPDyaWf2eAHnofFLSnEMg,20,1649075,2777,220
UCdo4nsIhLYABKSnU9IMBvcw,26,211649,53,232
UCZNDDbxNipTnfrSH4NpuoOw,27,209621,22,109
UCgg5HS1oVuMSoGRPuHo-b_A,10,68876547,1159,75629
UCCNZDSGjG6xEoz2lv4FThMQ,20,4009812,813,40482
UCW0Dk2N7209dicPGgYNcnGg,20,45363,2,90
UCq-di9ylxEtA-MAcrvwFrEw,1,19387677,601,6245
UCDUi7yW7tJ7QWJZgK8sRLLQ,20,6449528,1010,4344
UCKMDuwPLGjt-nGHgNPOk5PQ,20,69412632,4213,327143
UC3pvtaMQ2b74u2dwUjhYMoA,24,3578,1,0
UCaBmj7srjEN8hpcq2lcYQJA,2,7062970,314,6514
UCpjYH_3HgCYCBEj5kOZ250A,26,625569,310,7710
UCBFF3y6p-LqzD9bQSDgipgA,24,37895,8,455
UCVjfxCDKw_1bfH9GzhfmuMQ,10,4653729,116,49049
UCIqxsYQqmf-1rP7w18cDAkg,22,23734,8,13
UCqDbufe6xLQvj0ylR1B9FTA,10,709612,6,646
UC7gA_qnevZEg033B3fFfrKg,28,973114,170,2545
UCpJ-kuYqO3-FmecU4hViajw,22,26904,4,55
UC9fwbix0hNiFQ-nhU209UXw,17,45100,12,4
UCuFlctNwFfnzjDC5UzB6fFQ,23,26366733,505,122326
UCQowROOeb9i2uh3TBCKjsEg,24,823999,83,930
UC5rEKljNZfKS14WhkZ9o_oA,20,25296698,876,355544
UCMxVXcnKrXzE9MH61GwjFzg,17,377833,7,27
UC_6j2h3N5jNjx-IVWhIeXhQ,23,3654369,115,14778
UCjZ6Ay7M4-4k8rTiKpRJJUg,1,59304,23,79
UCSfdh8cOnTt4qoyilCKVrgQ,10,534724,80,433
UCfeHOn4Xgf6ZxQQBZ_Jzw_w,17,1200968,118,1314
UCq9E3PxrK42EO-a8-uwmgNA,10,111813332,2302,53079
UCp9CMBa8SvcnldY6CUl7tww,24,270462,695,569
UCz48GslYrQBCAzmSDvXTJXQ,24,235688,75,299
UCtfJaQB08iPTc5GcTwaMqtw,24,19058,1,35
UCcb0muJBVxIUeOsyDr0u7Ig,24,27305,34,51
UCdt_4stK3iBBbzPtZfqMufw,24,2352749,756,3542
UCWPmknLYJuVSKV4Bqv04a1A,22,9101,10,5
UCxKqLvgx_iMIbpyaBfr7rIQ,20,14830752,981,21856
UCZ0mqihIUZbQV6D06TGaNiQ,2,57083,9,6
UC5JS3820CHv1cwcyEN70lgQ,20,1685503,203,1612
UCT6LaAC9VckZYJUzutUW3PQ,20,33469250,225,181263
UCQQKMcjzoGsTQGVHwwR_HZA,22,51954,21,52
UCbL8uzrp-nGAIhfuNcl7WzA,24,213228,8,1245
UCvkuzmjHdWmMdJLGFFSt5mg,20,523256,175,1876
UCWgK_4f2rYzU9jUru8-RxTA,24,1526389,397,6818
UC_1ZXxjRTcY5wX1MQ81rEdQ,10,23175720,956,58214
UCNWE19wwZt6R6LoVk4gtlRQ,1,3884036,369,866
UCgX2EaVuwi0jstpTXrWQGyQ,20,3013110,639,7574
UCCabTk9Qskbbi2nAgSy0MNw,24,513839,241,730
UCRhrB3agtA3afGvCx9DN6GA,22,1534533,249,2867
UCuE1Ed6JqKgCZrF1PKRD9yw,17,5088,10,6
UC5ljOmJyDE1JrGMkruvWCrg,26,3909615,265,19152
UCoDkamsmzvrvxmZT9JdpONQ,2,230764,11,334
UCgquFDyfTt6SWG1xXUKGiqA,2,176202,42,83
UC31zdvJk5Sr2w5n4hklJX1w,22,2240823,214,9356
UCJWrsIZjGI3aOgtoqD09x3g,10,2939943,723,2530
UCny_hcFKMhkFjVcJZwWRrFg,22,145983,12,1332
UC56-92630x0A7w_HrjK8AsQ,25,3365742,1638,2396
UCgRz5nuL14LD246x7HllIqw,10,2745062,11,6844
UCeBNABt4ejGeuaLz8QJK6Yg,15,70207,14,57
UCC5qXYhDHV1TY43_DWVvv1w,20,29719497,855,674621
UC02sVouxIghy3nLOm_RzvDw,22,7451,27,19
UCOXTmmhdne0ehxsOAV_lEZw,28,4093300,934,7576
UC9E14Vftpl9xZY6cbTEs2LA,24,24431,43,34
UCoMYvfLxUfajoBTLm-nvlAw,26,7115770,79,108689
UCgSDoVw1IaChd8mVsT6st7A,20,13736819,961,19665
UCWIGwT2BhhCpjWjRgchiY5g,24,292661537,1580,561273
UCnjnz6SAho-BFuOCk3lB_xA,26,2310329,95,8634
UCWIw8jZ8WuGzJkfNBhzoPFQ,28,36188452,1478,77850
UC0qq90ZhYD2AA61Fp4RKBrw,22,11112,47,19
UCLJE1cvF9a___wz3h-U2EYA,24,630208,18,82
UCBNP3TVxHxtJJTWQfyC1ctw,22,204812,191,1315
UC8G8kqkWlL6qIMDZG8DMPcw,19,17389234,4369,23670
UCXHZkk84LkX7pdsagGCA-eQ,25,4234288,872,757
UCRdDXp3LihrgoXg_wPO0Thw,10,3676,2,15
UCdSrV3OGGXu6ZsE-mF9l7aA,10,275857,435,263
UC0Wg1TUmlxj6ihalJPxHyqg,28,89942449,1081,145438
UCy5Q86oJOrho-eZbc22DJSA,10,381384,28,2059
UCy4DstXG8Sxx-gqVOtY_pMg,20,714802,17,1460
UCy1F61QvUUQXAXi2Voa_fUw,17,52334707,3430,180951
UC58k_P0vo3pibDwW-Zna68Q,1,2768,6,1
UCq5STAGBJGgTfSVk30T5yWQ,26,118805,55,749
UCU8NCah8lbB_e6mY8CqhDRA,10,19617665,762,16852
UC-gUD1u77R_fCYU5VJoe7zg,17,4650576,1448,3694
UCR4DZnk4TP-WYtf8wB55h5g,22,274351,21,146
UCqBNcBqhybw0vfqtpDgJ-Pw,10,750704,131,250
UC0Ec7aNF-i67aWHH6-BKQwg,24,165108,85,625
UCTn9b_cuSTtsDVNOo4EWKzg,1,531537,40,775
UCbiPCnUx3WWb2h4H1R4uLBQ,2,179887,49,103
UCn9atqScyXLGnjNQ_DEXQ5w,20,36599396,1696,233974
UCwyZMvRDBleBvllMYN2EoGQ,22,5552437,90,13826
UCr4caF0n0P5kExMR8uWERJQ,25,4443458,1047,2510
UCCVLeCM2GmwjDg2elXqojcg,10,894285,429,812
UCfMnYQQtNI-jRwX1LSp4QXA,1,34825226,255,14788
UC_kbaOT64kspWcXIRrnmP2g,10,2016,7,2
UCkYIV-GhZvKyrUyPetZpdwQ,10,284343,36,112
UCtH1zjiEXG7pK_n30LXGpSQ,10,461232,149,326
UCDJEz4SBUw0alJrd-G8r4Yg,20,6892,24,51
UCj2BnNGuhrB_BXLoIMhkxiA,24,4444063,214,29845
UC--kMyYobbRpKDLzlGkwo6w,26,69489,48,874
UCEM28LrpZS6qvC5re-hbTjQ,20,852903,225,460
UC1lBNgO-iUWIzJdelqXKAvw,17,5487003,578,15440
UCMiOdQQZ2CnQGwucXtV-trg,24,3008631,96,7519
UCMTadap4VoHJjwRq91-59UQ,20,495817,108,809
UChmj5_aVSCk8DJZTGCJe8rg,17,101753,110,169
UCl3nQ5f-O8iWmICHinAoh6Q,1,33827,9,4
UCEIBdGrIkorV7EXW1e0GCqg,20,15002,11,42
UCWYdaRNoeOWfS5s6GYaXLzg,10,136920,12,45
UCrNdw9pjfStYU_10jkU9Fwg,24,29610,17,1
UC37bdEiP-uJreI5wtMwZAVw,17,215578,74,432
UCEsrx2HdQshx7LaoPINvrPg,10,5333326,338,1335
UCyNzS_6-B9hnZWemuBpQgEg,22,14423,31,15
UC1XKoUVhwJIAiCzDw6avCAg,24,19708,6,2
UC-UEnvqjaf-7fcLJSCVspXg,24,149467,11,73
UCnnbro6IhJ6kfjV3xw5KZtA,23,498499,12,281
UCORTeEEMFRKQTePwQJGZfUw,2,308824,54,137
UC-VolW1nwETh9Ll1y2h1ueQ,2,203574,103,41
UCK_k08qLykhW03fPP5P1kWA,15,22587,19,122
UCrfnNPLMIHZI-wDupFVPcBA,20,29200208,4597,61094
UC1cfEMDmx1gpLHsvU9mg_9w,1,16870260,29,11479
UC6USZimMmwjrbDGKjyaVwVA,27,114327,31,269
UCSZUXGdzweAuksqVrrbj2Iw,22,13484,7,11
UC8FJ1dhYn4LuLWPv1TBZOoA,24,11945,3,0
UC-ofUgXWCeaMSfjX8mBCbBw,20,145314574,709,392399
UCrANDreLc7mG5mP66J6admw,28,2155962,194,5168
UCRNgihmjtQNhn_egg0Y6KDA,2,43333,8,40
UCfUuMpX38c9_7jaCEYiDdkA,17,26447,2,0
UCxhns6nPe8EeAM1yD1tJgBA,2,711156,398,943
UCCkPbbLX7JCnEhnknohzT1w,24,810608,25,818
UCmI-YXEUHMu0ao7kKjuTAgQ,2,3254,5,0
UC9PILq9AJuk2ZYkD69Qo9nA,22,280974,13,171
UCnJutVTtn3ZXyapoGUmuRTA,20,38958035,939,113544
UCOeIQDlcWZk7n6S4-soaAGg,24,1747492,23,269
UCpa-hho2NHxC47LYmGixGEw,10,515827,54,247
UCeXY-D7RTVIIOuKP9HB35Ig,17,14724,7,12
UCe0eBOd5v3GOWTCFX-HxKsw,17,3935,7,6
UC9Yi_hWXTZlMVZSAvTBLBnw,17,7945,11,9
UCEioe55oIi8WGww0S9HtpzA,10,83620,52,120
UCttWHTSCu8IRnxZQ7SB6n0A,20,22238501,2358,10450
UCpiK1YCS2GnYUVN_UCrT5Ng,2,1829848,147,860
UCJlKhBw4YLmG5gy6OYuOl_A,10,1164714,39,760
UC-H-A3Uwh1p0yz-ZBocFK7Q,10,33989,20,29
UCsWWKbPsXvPm6gbc8NDLZLA,22,27294,5,38
UCHVLKtu4iaKfBUscsxb510w,10,1233203,96,2248
UCHIwQiZhIn6fm5b_IilqBbQ,20,2790259861,7345,5449122
UCAQsSq6zk_RLaYIfRPrqE3w,19,34383,10,10
UCcw1Qs2-_gZA4s51BkCdseQ,20,88791,129,73
UCRxDTCmIjgli-Xgh2KPE9dA,1,1004475182,8897,609641
UCt4uUPXTEgGwEZbchC1VAYA,20,18833628,1227,49097
UCUtZaxDF3hD5VK4xRYFBePQ,24,5652037622,1794,8109841
UCtnboZiB_Nqif-YNtp4aB7A,24,399839933,1766,1043486
UC7W4SLNcEGIb9iq4-XtaNng,17,2944,1,1
UCMATRiSVZ2ISwBHQiNkFWrw,24,5968841,237,1453
UCm68FLDkrkxJ7SdoDSMnJpg,1,564672,123,214
UCnwgxNhrMK4CxQxgDuE3zvw,10,3233098,1222,4318
UC_BaxRhNREI_V0DVXjXDALA,2,180164072,1586,422973
UCl9wrgGC2MAEfl6PqbFfR_A,10,419603,6,271
UCnUU48FFRDsyTC6R90Jvqwg,26,603786,969,1463
UCeR4TZywTWya4zo38b_8hdg,10,6064956,536,8934
UCNW-XFAFkHcLmD_PhY8O9hA,19,38562,10,10
UCp1b_STYnVuWnn4YRJ9Cbhw,24,437569,90,2666
UColGCeicDD7itc3NZ71qeYA,20,6836,4,1
UCWONS8Rwe3-5Y6h0S5kdyyg,26,6097367,535,9914
UCPeACP9gjNLMPnSH8vk81PA,1,635691,62,353
UC3g5hdo7-s_dkMuw_QaQBCA,20,3450595,1419,5865
UCchiov_1kNqpRaOl_o-DiFA,1,25017793,61,17621
UCzsVtOHj1BU1kFVhzcm2Zgg,28,7743172,111,37949
UCKpjCjPe_-4G8Tp6x_NCOAw,17,2565928,130,6810
UCROGAM2vq9kCLmQ6j4y1xdA,10,155524,43,1310
UC6-o4kl8D4P1HtouVnWf5tA,28,3231328,118,4730
UCQbXvTBkjb0h0QuRS9l7vNA,29,89213,6,58
UC7w8GnTF2Sp3wldDMtCCtVw,17,142080018,4366,378056
UCl3soA3A1-Rvx0vdoCtBXiA,24,12737,8,3
UCdRQubBW_YEY9tDFXxqZk7g,26,938760,7,469
UCju1iuBcl-Jb_di_KQ7CyRg,28,51041052,2681,109394
UCltLGEyRxWAoMLGzB9wYlQw,20,368835213,4105,2600530
UCjrTCHHo6ArJrszI72J6mtw,17,7586280,35,6131
UCQXI4dGbasH2nMOzZRB2Heg,24,21136037,1698,12719
UCy_nPhSXxHnihL-9Phug0AA,22,21138739,413,0
UC46hk4nW8LZ4ciCrLJpLxdw,24,4986631,293,5138
UCDGmIjVK68ULRQnyUAoGgAw,24,310960,57,68
UCzhdUe_X8bCbFvNSeQUIFng,24,1024413,63,2692
UCrJDNlUPWtPSu6kmDPnTyJQ,24,208244,53,189
UCj0QsxcE_JRu1YstIIF76og,24,7907165,68,3982
UCy9HnNMLyRz_MiO_nOhhijw,26,151732,47,328
UCqheS9rd4_nojHk3H-FR2XQ,20,281864164,3296,941025
UCu4CLugrCWnpB7iDHDR3akw,24,4000469,132,302
UCVqctw_4onzfN_wnOgQKYXw,10,44724,36,175
UCOjw-GX9DMmEPn43eprY5gw,28,10123648,574,23747
UCRz0xsWzleLU3EOyKu7L-lg,22,3326,13,0
UCJnc3w9sBoozXP5RQ15CBRg,1,69067,13,75
UC98Hk0dfZPYiZUPJY3IVUMA,17,544917,76,610
UCixInvC05-KR6pvhqg_sZSQ,17,1813494,738,3080
UC6OQnvhRoWwMZGscP-XUYCA,20,197219,31,340
UCDZyIwZMkRtb8IP3Mbwl8zw,24,154683,45,247
UC8P_gJ6aCVv51J75v-JA27g,20,10193366,580,6901
UCgjMHGQ2asROtNWhAu5MBuQ,20,34711476,1469,46441
UCbKhummQreunNafJALxRp5g,27,28514,41,24
UC41lvjrDswwUc7X4d80bA2w,23,59925945,89,220703
UCgqx_CBOTiv8U_mk56DrEig,17,90233,29,16
UC2gzLahvy-zwTV9AwNdhZgw,17,99680,66,292
UCfQKqzsyvHYiajiyrgpzSqQ,19,10112,2,8
UCbzEcb-FnsprBRyYuuWDaEA,2,51518,263,32
UCteJOOR438YLzNCNBnEYBLg,22,5340,2,0
UCL7L9Dl__Pr32JFU7V4u5hw,17,149972,44,54
UCrgoTjEg8Ig9uqzZBXkUcpw,27,1109878,980,3224
UCoNKUzSql4qUXaMa0qwwWIA,20,32453,6,10
UCxoBONIH2g_i4NKZIiyoPJw,17,20625,13,9
UCxYzDgQE1KxmU0lpPNnC0gw,10,1445338,74,3040
UCPJgYyZfwCBkv222WYCN3Qw,19,8896,8,2
UCK9-jd6Vv_f5xgoLE31e12g,10,364372,228,1130
UC6ciUUMRms4L-LLz9LKfdrQ,24,1629019,1358,5300
UCGXROVmHl6iJtO67vv8TS4A,2,22665,2,3
UCj_YB3cKoTAWwXWj_HikxQw,22,285233,33,409
UCJRMOYY6Tf_w2yQ_6jGZXmg,17,80447871,1904,109817
UCkENYw0PRQdwo6mV2nMDONQ,25,1794863,388,1567
UCl2nBtaD20xnQhSoGmD25WQ,17,52251,75,75
UCh_K4-2-Quf55BA8aMoDQ_w,26,19329413,636,33553
UCbu2SsF-Or3Rsn3NxqODImw,20,1658090166,31042,2803750
UC6ffr2IsErZIv03eqp4V_Zw,15,122707,24,70
UCiEx-V0EAgaR6EGcMe9TSDA,10,259745,19,281
UCT1XviyXCuYgG2D6m97Pa0A,10,6630,5,0
UCJo3iU_2Ji6Q6aTieypJOnQ,10,118615,52,156
UCRlNuNXnK8W6i9wkb6Da1WA,1,604216,12,454
UCFh-pzkzGa200ZkEHmNQPxA,1,1091293,8,308
UCBqoK_z14RmvqEU-Jo_VicA,17,3449,1,2
UC5ikmAX8WAoIdPgB9OrSrzw,20,236999,145,269
UC6EuztGj-iEgpPx3XaTrFPg,24,432846,150,309
UC6W76RWijOhx3dY9Ja2UigA,2,134548,14,182
UCedDv5zYKS5naBCRuv3M_ag,26,346472,126,2620
UCk1OsvdPasZXHL56x-oBIwg,17,65236,103,11
UCRABCYIg89ns2-FIEzRIldQ,22,934730,617,2049
UCwQqeblRMlew5AzrKHseLuQ,22,144121,118,35
UCEOKTdgjA4fGPC0slR34J7A,10,188164,92,71
UCKPrGrzWHmHcmJwdm5BoJ9g,22,284281,96,279
UC8faoPBqt4LQBymT8RNUo7w,28,946449,99,1526
UCSW2Lz7uZgAV13FZQdCtWYw,22,26296655,741,66152
UCWB-YmICnslQBDcEE9m_SUQ,1,5013,8,1
UCwcrUeljc2qpkEd6xqvoC4A,10,4374,5,106
UCYIkDsYBOSp43OkU-kdW25w,28,1416300,807,1332
UCBWI-ynROTl_jNeHTRPnI7A,10,559467,660,375
UCK4jWIPKlmyUyoL5jbe1puA,10,92512,18,120
UCgYLm7Oa-SowtuvSa8izWBQ,24,15839000,480,104834
UCxvXBzkL4s5HMfy0khkatOg,27,52774,50,0
UCyS-uQd1h_s3srTqt-liylg,17,6088,9,7
UCGNuA2Fg8X0frfChEhJrHdQ,10,2410472,121,1478
UCLO_71CwJqM2MhVLxhpoL8g,1,12477773,153,12360
UCAwfXm7ZmoQT5fYhbBjGXvg,24,76146,15,6
UC_ZY4lz9zqJcrBfBmFf-_nA,24,1892,2,14
UCxc9rx9oY5MWO7C8XuUIONg,10,13300224,26,7123
UC5tU6DGXITzcDpqBqNzXdJw,22,2407835,76,29450
UCZFVipGKYQxwwAOYwiIMEyA,24,4870768,40,52817
UCym_ErZsNpqkrdAvDgspoGA,25,287304,18,296
UC40NTfiV3DMsUbneF6HH53Q,10,3549,2,0
UCSYbLCirM4rm85Xj7fGD-Ig,2,248502,207,204
UCFdEMYmiimq2uKmOMaBfPLg,25,8580540,2450,22324
UCR9sm7yi5rvVsTJuzC2qn_Q,22,20732,4,34
UCN_Uniubnrgb2YmgRvDYJIQ,17,60514,27,36
UCKXiSBmhHe-ZFJwFokAcO2A,22,237681,176,355
UCOIQrwCGTj_3hdewlVuqdxQ,10,6079140,265,17036
UCAxtwo9BaGFtDYO4fOyS2qg,22,16013516,1910,19566
UC4Q34bijQU84lX-I8ahvIEw,28,1010641,142,909
UCDO9YkkFuuz9iGe2XIhYwhg,26,4704054,566,34973
UC7GsR6NwKEy8SmDKRtXdIZw,22,13631239,100,75834
UCWkkE6ObowGRcCywNsw2C1g,22,922261,148,797
UC1AaN96kgESTBy36Nfaj8tQ,1,1276432,126,642
UCXPsEBU_BHCMLpGh2Uh2_NA,17,1295260,118,979
UCJkjyDU_oEMvsSk7ql5FMOg,20,323444,511,1166
UCCz7LA2yhTOwHTcTgwv37Pg,25,4936143,5549,3651
UCKFrD1MP7HtFARafErJs2eg,26,926600,43,1285
UCbG4ZYJ1AAZlSbGRDHUP1YQ,26,137435,128,0
UCWIlNOmXhGHXnmZjkAICJXQ,1,1221614,284,6003
UCkeQp-ClM7FAVSu_WFPYg0A,10,2889377,1364,893
UCzy7ETKU4ZQStaJqnf9QDhA,10,326581,42,1118
UCGYCFw-RMJpylPQsTEVzLfw,24,163077871,4754,0
UCPzHmCs_KfWtYWyvEMgn-Bw,19,3126338,381,885
UC4O12pQmRJAyR_GPmAGu1pQ,24,171641178,644,164131
UCSVgcUvTHfm04KLfO-1ijow,27,129560,3,152
UCdGYCsxWgEHdpR0ayUop-gA,1,41611,13,458
UC_3tWe0VJmm2W0_mX0Lr2vA,22,6404,2,0
UCWaqnXjOAswBNh5p-aqjtgw,22,40607,14,92
UC5pHsEgqldVaoiaWgVuKqFQ,17,4047,3,0
UCGO8yBktFX2PjDsh8BZ1U5w,24,140388,15,325
UCsDb4OCZahFOGTEIflJ5l9w,24,36526,9,21
UCLpJ_RriBKixFEv-oXXqhfw,10,510263,73,74
UCR63NSVAXOhuOThmjiglH4Q,10,387555,48,1433
UCtpXCdPZZpN_9dE8tZe6Avg,22,40251,7,8
UCjCCIO9WUKbVXCUMK2FRwzQ,22,1851,3,3
UCJEPf8YzOQVDDkw1f886jXg,22,21964310,1052,95534
UCQ6y-mdce53kwAwsvVd8A9Q,28,3070787,1546,6118
UCT6PN1pkGMdUVZSCUdX4P9A,24,2178323,268,792
UC5H8iioT8qY9Jl02SoMsWCw,20,3520358,557,36866
UCKtHI2QDc5vC5Lawtnh-Mvw,22,68270,30,47
UClae0X8wy1MN9E7-2WaQncQ,20,6977742,457,6446
UCVrNPLdPj-FqkRmrDmFNyaw,10,65055,59,137
UCylLFgHKGVyDPp1Z5J3NUwQ,1,11511,2,9
UCnSUAPGgau9NJc8KrDFSpJA,24,599008,187,2764
UC1JBVquh7RKomHhsevSP2jQ,17,1767783,199,3411
UC_PzRdpPeVf6ddzGW4W2gig,26,129002,50,359
UCJLUHIhxU3bOu_EcPFyMyhA,10,3962,2,6
UCVCd0Dw5PDTCwimmecTOiww,17,7548429,2713,7732
UCCsFejxbviSj4fzaD1LPJbg,10,1427350,188,1353
UCMG4zaQpqs7c15Oj__JgbRw,22,64863,15,473
UCm8Gg6SGUcBsgErqNuBX5KQ,22,1641,1,1
UC2D4uy1mnE98DJP5s1vzn-Q,17,24590,26,19
UCSeB1BLJzvsEuInHsXqxEUw,26,7878,20,21
UCsQGy9MZlrT7DBL9tsKamxQ,22,3956,13,763
UCHZEnEW9SjSNDRU5Yum6qUQ,27,8905,18,7
UCPuTZ5Rw171KAILaJDwp1wQ,10,16519,32,238
UCVXVfZ5ryrcp1TgxegnpFBw,24,1262292,21,4254
UCTiL1q9YbrVam5nP2xzFTWQ,25,88903467,2585,298194
UC4K9nmnB3-TKJjzwTgxSPoQ,22,1138652,314,4646
UCMhZyW4q91QAzBxhj8IX5vA,24,11625676,282,3108
UChHkr2LeEjwBOHWL75LtvYA,27,1710543,43,2647
UC787mhTiKSh0iE9PBX6pM4g,10,14028,35,120
UCEideiopjVaxdQsmAQOXyyQ,20,222351,46,644
UCMUlt5fBuiMx_o3_cbo5PDA,1,4067894,87,736
UCjqakGiLMbvQ8FqWQKXsBkQ,26,333865,100,2360
UCfvkj-ggeiPT066ByKgg93Q,24,188898632,1284,92786
UCo2REL5JgQ3v-QqMb1g1lIw,10,402669,52,814
UC8bJfF2sVcLW92EcYtQ_Tww,24,431616,42,48
UCeQf8mZkzUswAL42uQs84iA,17,25565299,1549,67640
UCeu7XHEbM_aAGm6xP6Hnorw,10,58043105,4345,43988
UCcE5BQzPpX1eAqX_RjIIqBg,22,110596,12,80
UC6VdHmorTBm6IGFJrLlFuew,22,1999141,160,3593
UCk2hNgDiYwnxGiVKLAbz36w,22,1738721,208,1560
UCuIJWRaLX6yP9A9SsRgxa7A,15,2248983,835,806
UCcbqSG3k30oHXbFs9cDYvWA,10,448267,82,436
UCxBYHOQINij4SwdRNczoTaw,24,1119624,128,1170
UCLINPbYQ9sy6qc-TqtBeVnw,2,42804055,2076,71043
UCcSeeATlWJJbXpOZRYOfaDg,2,27900710,1109,78445
UC6lhT3obp7Yf0iQH4wRLVHw,22,26679,1,36
UC-1g6IDDRsReIMnIJKJcc_Q,20,8029,28,6
UCTDnFFG76UV07OgvMpmD1Tg,2,32832288,1107,46483
UCjhRMHxiHQE7RV36e9JeEQg,17,8152,1,2
UCAcbfpFAA0k0SPLmZlgWYhA,10,428299,10,228
UCvMyD8ecaYW5glzQF7dgeaA,24,66471,63,13
UC_ydRj9p48PgpgSwr5SZ89A,20,3663095,239,1870
UCphz8ckXEvP7AJ6t-Od0qsg,10,2784,10,1
UCwLn_5lHFrclLEXbS0ogu5g,10,1203544,39,863
UCtpLbWEaULGAPWBAj9L5_DA,24,69180,37,34
UCVbsDKvlrcjyUD50W3pTzSQ,1,170525,96,533
UC84xfE6pe7GeX_4RxzYVkOA,24,310246,231,65
UCDP8SYwrH5oQfxBRo92MODQ,17,4360,2,5
UC5kC_Ufdjb6-2Eiiakp2G3A,22,245458,76,155
UCSmS6sWsIZRkBH5p438IUmg,22,206376,294,13542
UCFSK7Yl9UANJ42kRD5hcaFQ,2,24106,11,56
UCHKnKNMXGs9gV7ago_cpHMA,10,853971,36,2217
UC6LA4vk3pMxCkogsGWonIKQ,28,2604235,44,1436
UCHzbTUXnKX2gSr3hvXXjxlQ,26,1719589,159,2342
UCJMQxg81E1HwVuD-5I2C3oQ,10,213182,33,31
UCVXA6A5S8ZVDDxk99okt83A,17,2629370,441,8403
UCuxuwpbLsno1XGmEWMQNe4Q,27,18398,68,24
UCYB_7AvhPxs4zl1FbzoJhtA,15,49164,8,25
UCS8ObvH1f2kNixDfMFsf5_A,10,179825,131,301
UCECHoIdLDF53V_jrd5nsgvQ,22,195747,90,111
UCCbc9GxE0TmCoSWqImckHwg,22,15902871,550,143591
UCdh2Jy5YksUCH6GwyxBgogg,15,292041,55,133
UCSb7YDVK3vGTMfhPqtGmA1w,20,476940,339,206
UC8Nl48FBZkPnTfmEMVFv2Aw,22,10328,7,10
UCqLfp0G9bGnQ9J-LEL9kYZQ,25,131854,68,136
UC45lYuHP59jXCqhzNdc-khQ,20,533643,3,62
UC_eg49ESVr7tnxgA1LdR-4w,15,1806,10,2
UCbh8eWQ83qZxKkfUbyKEIDA,26,37605951,2963,156685
UCBriYsje-d_72dqxHqLtf8Q,27,4190194,227,29848
UCbCL_dS_4KjCJ8NKry0wwJQ,22,408540,44,674
UCsZeySV9FGu3X9_PN9hpWJA,26,553664,75,554
UC4di-od7AQJbMyuDO_upb6Q,20,59097,5,91
UCn6-nwl1LgAjDmGbbR5b_6w,24,21117,9,29
UChNmE5O9AIC0WJjb9I4rYLg,10,27507,18,2
UCxkmL8rM9nw-EUW7DbruBSw,26,5174942,251,9995
UCQimPADTui-RZdvBOKqhmOw,1,306156,8,360
UCA8817rO9pBK7Um7OKG-zkA,26,21452,24,136
UCzv9126bAWtkrO0qM-usKfA,22,412871,119,277
UCdz0-84R-w9-bBUII0U_P6w,19,87593,78,20
UCuWcjpKbIDAbZfHoru1toFg,43,920009188,3953,1800896
UCa7LezACJkW0e7RlXo8VfXw,10,5093710,432,6288
UCS6HNpDJeLwmFa8iwdEAQVg,10,1138863,107,8978
UCPeqv6ycK5Sa0Hli0n0wPsg,17,417093,11,615
UCjvbYiLBW_s9ktY2SIBzHRg,10,865737,47,1426
UCZHLRbXylR-x2wU-kp65nTA,1,708906,11,766
UCOyx6C8ct8wI1IFClQC7S3g,20,29234,38,26
UC2ZB5-Fgacw_0vTp-8gUWUw,29,19312,89,28
UCXFsqgD5tcqwiRAD9Nw88pQ,22,17930,7,11
UCTD5RhYO-SNPVWtJZdQoKOw,17,163211,107,206
UCz_sKjgVE53fvJSkXsZ2F4A,10,950373,35,358
UCExJ7v6NM74ke48mAKKdcXg,2,6038,10,7
UCXCM24Hc7T-tdDnBcvyJQgA,1,43704,3,52
UCYX169KoQ8BveVQ8CIi3mFQ,24,25200,29,53
UCTv-XvfzLX3i4IGWAm4sbmA,17,453048060,28597,1600272
UCYRRKA07mLG8fpkDqhJXZAg,27,47836525,425,65435
UC0NuyXHym-Oatwfpab2LAMA,20,25664165,643,23186
UCP0hHZRg87pWVJCOgueslmw,22,888910,276,4386
UCI1q-BRy1m5YT87DUyFyUQg,27,9616,17,5
UCvpTHwinUOwXS9TfSz4LEEg,17,54176,2,35
UCOtMIE18ug3jX70PSmdz8kA,19,203807,26,94
UC9v5r_aHplJ7dHegXaeulAA,24,364079,22,109
UC-iuonKZZC9krPa-RpwMO9w,28,58337,51,265
UCazFRHqhI2ql16hePyTVNng,1,19363370,513,9059
UCBoR0Yu5hqiGEJdYM8nRT0g,26,109237,61,308
UCI-Oq7oFGakzSzHFlTtsUsQ,17,502010719,58490,247654
UCEKSOXh7GGPbTtr6viRUI5A,23,180445,18,86
UCNEiwm4i-qmILrmG9XDzcrA,10,142965,103,233
UCRvCWWrrL43n2aOD1jPu4sw,24,18169,3,134
UCAbdtc3JlwVH-s4Dg-jnPrw,2,576850,783,335
UC5oRfIfcuPX0F9PjIpPa7YQ,24,794306,56,1164
UCCc5t3tYj-fKc90BwGVblSA,24,61464,1,14
UC-zEBxX9Xzun4mli2ArKjjQ,27,9905,1,10
UC2khVqh0WQxLC4b6rLcnl9g,10,139969,73,91
UC1cIGhTo0WiOp0VRAglCaSA,27,201785209,325,251642
UCvZL5CwtJt_I5dI15AeHy-w,22,17653,27,13
UCUNmR55jFF7o0u4oVqoXCsg,24,725457,1,190
UCpmadplEROgHA_9m0Cse1Gg,22,21947573,7842,11308
UChPBqNUzjWkU3uGra_S0log,22,847962,64,119
UC8OOMKporuqEBJZ8uf7fAsw,22,58406,232,101
UCZfogiS6Mf27r53CLJJehLQ,17,61215,42,481
UCwyXamwtzfDIvRjEFcqNmSw,26,8319821,303,39905
UCETKopbJ3g1KlZVAvaw7dUw,25,13048992,3152,15901
UCMf8mzKBLR9uaQKUMbRdr1g,27,1298708,39,6988
UCKZ0P5KGj32fvuKS8pwzbFQ,20,103758,46,220
UCMc5gfr6_RSpNAKjiQf_xZg,17,189955,1,7
UCYHKWbpx6eX_ydppBcOIOng,17,11397512,1927,19618
UCFuBDJYsra9hg4YiLxjobEQ,24,8152164,487,6099
UCdAiIwrJ3F8cKdC0H5vZjsw,22,21674,8,20
UC_qModsQsEozKSO1u6XbYsw,22,15675325,218,35934
UCGHhehKQoYA0zeWiikDO6EQ,22,36746677,1300,5713
UC2JqhLQPIghWC6wLXYWYWow,20,344190,39,1824
UC9-Gf8yxR0eqECaBRjpGiNQ,2,1342872,31,270
UCLU580lMb6AGMlu85TfGmMA,17,1893908,432,4405
UCzcLeFkKzrPWQGDLiF9-6MA,2,176970,4,190
UC0N_fyvf9fnDv6V_kdK2jHg,23,270080,12,87
UClZsfG_SfyBAGaafLxymoVA,1,437139,20,2982
UCNylwDpBH_yziJ6VbJMIZ_Q,24,27023308,208,16978
UCDCZa9Yt64NX1_eWa-HNDhw,2,733872,99,719
UCKa8-ht-gbMxHFgQVuCgG3Q,17,63603,3,5
UC9bAont0I2B1RJVYEHeX_qw,17,22171,4,6
UCPcE_Bp5kaopWuZ59zsvqvQ,24,203123,508,351
UCjjXSlYkhse4uaXmq5lwlQA,17,96962,62,45
UCe4iMXmL24pauN6SC_8AGYg,24,32203,63,19
UCdV5g3jVn-sTw1VgULj0EfA,1,308440,9,203
UCzC-pzvjHz9Nj4KgkPvtD7Q,26,11007,29,80
UCVXcohmX3PIsbc0Djrr_dZw,22,265143,23,647
UCt5nMEki451pwJrO_4OhIsA,17,687201,40,109
UCK_zmTIJCyKTGnlXdSKKvcA,2,1254508,62,573
UCmsO3CyGDSgi1-XhkVns3TA,20,71219812,1442,487339
UCS8Oy03UZuvCL4jNvzgLHXA,10,36135,20,4
UCTVC4jP5RceBX_qSvFTwizg,24,843214,5,51
UCunJeWziKeN41EqEHoJfzDA,27,9154125,380,38634
UCqDNFlsAGhGrwGnFMrNaACw,22,7908,1,3
UCWRosBEZSnIyvsV1yHrk97w,22,156666,24,202
UCIiRSZloKxBXCU6u3cAfg1A,10,11656,7,12
UCdPyAsYflQVKjGFjT5ZrJ3Q,2,33767,8,11
UCDLHEEfT71h6GBQDpTGGyDA,2,4639433,561,5300
UCe5-2h1sTwR4F5cWrupuQ2A,28,7509,18,2
UCIl0UtYEi5BWJmpCouaAU-w,10,2270035,13,4470
UCkXEPd0bVvOlEVXlIuIWCQg,17,8014165,201,68103
UC1LVhxuYxOdBaX8iEaErylg,26,58655,10,187
UCjNFxOkOT6d2gPpXh4ecvOQ,20,142320,314,79
UCIjpoZ2hD7qUDmKMOzRU_ag,25,76166,9,20
UCos81LHdCNhZWn7CYFPEysg,15,10714,5,13
UCJlXjjGnGysAe3LRq6NWfxg,26,139941,37,422
UCc9zA_V3pbPux4c9ngKwMMQ,17,770424,44,1297
UCbYQWsGwpxrmbP7VpRINM9Q,19,6609,1,2
UCJaPR4kL_Y2olCCOgU3TS4A,23,71005,51,23
UC89o5O4MacqEEK7j--UJAOQ,2,141822,31,102
UCPgUOEE12K_Ku8EYXEjcVYg,20,114485,20,34
UCIzbYH4cwPZ7XRSBvtVoWzw,27,37906,5,61
UChMkPgagIDBzN9VFJNDuvYg,17,337123,288,470
UCnYvIsMJm5-ulb5-VOdSk2Q,26,35476,92,10
UCB3Rc71N4FReiNE_IOtzoLA,10,16085340,455,12175
UCP-fzpy8_36RSEv22CFqZUA,20,3596904,119,1079
UCcHmf8is3Oct4LV2KCHehhg,10,379103,90,3334
UC2LFjIOL8mNSF2kxXkqHGBQ,24,31791,4,3
UCxWVvknNtioCKy0ADYV_1VQ,20,778741,244,612
UC-PkBTL6H7MwKrMYkOI3sRw,17,23599,49,13
UCgTjPatXdSA5V0GDjBZh7pQ,2,1005294,247,95
UCWsr56sq5GBeikcLlBIvSpw,1,1586,7,20
UCx_jxl-J4SSi81SQ_myy9xA,20,4546,13,3
UCvueeIpQ6l5BlyzUTWY13eQ,10,457076,12,1421
UCUjcrwk5MFPfYbQ4XZptf1A,24,581675,74,625
UCImYogn-FXSu5nlVHx4GUhw,17,281427,32,1538
UCpuAPXDuJKe5fAuSLCG8LDg,17,32405705,2000,128006
UCzEcHV6aIUco6EaMd-dVP_A,10,69174,115,391
UCmIIBhzBfzoAt51zqdun_6g,2,40935874,1994,81979
UCGdZKY7dD8H2Ecsq9__xeqQ,22,2994131,304,1487
UCsMp4t_y0m_T9tXGGWjMOyg,10,1823,2,5
UCxH3W8AsCCHAnjL0ckn4M1w,10,62422,13,10
UCWNx-3LmYfa45rwgVPoz5JQ,17,45111,28,145
UCL272KR2XWCRK29Likf4xoA,10,21567780,124,33505
UCpKnbXIIl9ud9dYYQ8S-dqA,20,58418050,483,212933
UCuCuwcyEA7nuRmsvDKXPsdw,23,924536,20,132
UCUrr00OKh4SMieOvD9lkyQQ,22,13312,15,50
UC-o0hItpSKg5ZtuXAh_4rEg,10,286898,43,125
UC4vbiZMU_yrheYVZH393-Zw,10,43582729,1283,85491
UCui2MpemP6NouHLEap5jzrg,24,169477,45,127
UCF9C9nAU1MT4UzkfRjwJLMQ,22,10877,5,18
UClY-p9bQkEjmZvwYZtoLT5Q,26,2395191,610,27517
UCbNcN2DvPOwewfNK3bcodcg,24,5166376,868,12278
UCsavg5T0Jlxkcp2eD8krBAw,28,1075262,68,1592
UCul5qOGUH6uce4lrUZvjjTw,22,39663,12,62
UCuf2GsZmHGEx0rYsWnZM6HQ,10,877413,698,920
UChd8xWG_wsGStscuoouwQDw,20,9732321,2089,5203
UCLKkGgvbJkmVEYPNsbXWbwQ,28,296180,16,74
UC3CZydI1jQqZlSUJs_OKv4w,24,132720,48,71
UCEoUhirnLHXdsLNuY4t67bQ,10,644441,38,44
UC2B4vSWQA1yPFT1BnGdwv-A,24,299319,93,35
UC8y7LKPzQYlQDRifRnmAR9g,2,1432,1,1
UCNbOZesinLAZHeYPEUakqxA,10,9943,15,4
UCrcB0DHc-tIW9GBRp21C7CQ,17,68400,171,134
UCVSj-a8oGFDMTPnu9Dw5zhA,28,1372,3,1
UC0AFnSo40mMrYgetcpB4Yng,23,322272,11,151
UC7NszqtDGyVuQuxUEAN_n2Q,24,338457835,7561,527347
UCGeRki7JHKEhk27epcAJraQ,2,253681,8,28
UCLFXVxKZAdv-D5t6rhHKE3g,2,951577,39,2111
UCQzY3ru491eWtBpkrmI8bGw,20,16852,14,212
UCbwkJES4SHCA3Rue1gth8Tw,15,23777,48,37
UCYySQPwTcBoksOwDuWN2jug,10,5870,7,0
UCxt0Y4ZBRSBsjZU51twjrbQ,20,25459,36,80
UCVmqfvWsKeFaMGY68CbcVVQ,20,168400902,18798,111989
UCi5zjw6jW3wcn2WVTLmUwGQ,10,344667,14,119
UC_b2Ki-qn-k-Uk5o4DewJZw,1,79957,9,63
UCBi2mrWuNuyYy4gbM6fU18Q,25,2933160359,39354,2785886
UCpHzuU5P4RYHZ6FYM65-B7Q,10,13541,5,14
UCaGRdIhs2JvsV86sfmQ77Uw,15,33587,5,11
UCf4HHMwHEikpsEw8h1lEpGA,19,437221,912,420
UCpLo12cNyaf98rL6X8m6DCw,10,1470380,181,867
UCyRDvl5au7MCMmu6iFUHAPw,24,152330652,6960,56033
UCJd905SWgtBm3KKWHqo7jQQ,22,28516,23,12
UCJIu_TjwA4v9aPdby9Hyc-Q,10,295119,48,0
UC1vbTCUQ532eX7-WiHSlPNw,20,157185,21,50
UCjM6W66mhtWbV9MQt5DdMWA,10,126332,14,582
UCckhD29vIoA305hv7B45b_w,17,97783,169,54
UCkFSNF7Ud7nubexBE2u4B5Q,1,132222,39,517
UCwKkpawiRfLYtUWnRFNMMqg,20,650980,1128,1478
UCLHVyZuURuPVDhDc8RvZkGw,10,25161,13,13
UCOIZG2MYtCNR5Z1kMI0wY9Q,20,193028,80,146
UCW-xv2J5YgzpjPRm1UHNHuA,2,2369014,162,5798
UCMm9gAB8w_bY3aNecNxKumQ,10,1848171,288,1781
UCM87UTpuYbXN1g9NEL25PfA,29,7980446,1746,0
UC2YNdVM5r0tYGZTEnpzk_HA,17,9500,6,1
UCwOoWzyXr96Xi9TLKhTiPrA,22,539600,13,274
UCr9BUVSvVmC6N1FNjXTzdcw,20,6106808,986,6880
UCppHT7SZKKvar4Oc9J4oljQ,24,10156844021,69550,7949114
UCJIPobU02UmQ33es6ntCH8w,24,359824,304,579
UCns92rcso91zDiT-6I0RkOg,10,96442,55,121
UCResFVv9L3bWYmzBnpFPxAg,10,7514762,2550,8949
UCkxBtnCrCO_aN689SyVRS2w,10,80290,87,366
UCwHn3uh48gjEczPtzV8LJ9w,10,5794267,64,6929
UCevEhPt0ipo-0BJTymdNPRA,2,6426975,494,12560
UCVPz_nauEJpqPxxvYiOpCHQ,28,422709263,1604,1159349
UCF39B21wzKN4cV0S_8rCJbg,24,1413461,152,3645
UCOO67sI3yJShaF1aqFyCY1w,20,95409398,14612,33670
UCbfAlp8HDkf3a-lliQ9KD3w,2,19858364,9653,10209
UC0iFM-n9uJUxu1Fxjr1py8w,10,562071,240,100
UCkm8F_EkiAvMoomXS4brvjA,24,24544608,3387,0
UC8LaXDkRog0v23ctTm9-6mQ,23,16197,17,58
UCndLWRIilWm16aSlnlinywg,24,823549,57,2164
UCaPrFuNLsxMIr6Vwys5Xu7w,24,56132484,1929,123456
UCwP2MQ-Yf_UTVw8_Izj9eyA,2,280235,53,177
UCzgS81NwZgRfu3ov-DzfSyA,24,5527543,70,1265
UChxX1rBXlPYA-nc4yO_N4jQ,24,8681,19,17
UCBiijTQJVImfSpUgaAcfYJQ,22,3386,9,3
UCSW6T_4ZHlE6Zv-ulX75Kvw,22,202775,13,1470
UCBpkfc-8l7XCR730uSMnWhg,2,188748,9,197
UCp0N6cE6SxQE3McpZn4EwMA,23,318938,13,11
UCG9vnnKTvqgMM_TWYV7sc2w,22,10966273,871,13608
UCQud3hTkdYw5d8pLPrIvy4g,24,128110,23,1238
UCc4FImYfkkCURiyT2J8Q6xw,20,23072,18,89
UC21NEZr0ee7b5fOKuT9DPLQ,22,70762,8,244
UCzIrWDTXvdZfmM94j1BmPzQ,10,6628,4,2
UCgfsTt_EEXYQV3QkmIFNVow,28,1623490,322,1269
UCgVtp9bLXYYtG4vr9eOoBjw,26,154618,48,402
UCabxmwQBAo_Cehq5nbnA8tw,2,7034645,468,5552
UC9y1hU8lnLW8lEx6X7dnRoQ,2,6912339,491,8247
UC1V2jF0MhG16OYUYDxr762Q,28,33747,8,32
UCJxywJ13-2au1aEFpYxD-nA,1,7206401,3633,10423
UCylqbSK89ay23kRE_8eD5hg,10,1015507,115,1854
UCyigfVzgsmfecWMvCSt175g,24,437502,359,104
UCR_OJfVPguyW3PqdKBKLnKg,26,442526,115,3136
UCRMuTG_6XkHpwMXYuN3C6XQ,26,315679,97,1880
UCHXrugYHsgDyGlgNReOCuEQ,17,14259,8,19
UCGog6mnXBiYYfgYDkJVwimw,19,997515,356,793
UCYTNPItpJ4cZbBbJ4YG0M-w,20,14548,5,21
UCGZHG3Tdr0T8YWZ7Ac8TIYg,17,19645,28,17
UCV0Q5XoDann5uLJDkUjJ7Lw,15,34507785,295,421585
UCwfqkxgLt969ASXveL7DMIA,20,6225130,721,13296
UCqtaybBSAYm7EFLtkjG3A2g,10,157268,98,12
UCzqrEcpPii6BiuoQ-_V2Exg,10,29959,2,4
UC6ixzODPAdgVdY9aoSlPPew,27,23508964,1410,136639
UC3qWfVhOXpqpqWasZ5qsf0A,24,358874,189,611
UC_mSz_GpWz2ElEVJW4EGkgg,22,411767,67,1990
UCPVM3AXNxlKuozNuzZWFIrw,22,230879,10,18
UCMaooTVPbDVoIwhQuQqyfUQ,25,630652,128,238
UCa-oary40kq9LcnB7DL_NvQ,17,165467,11,21
UCgzIB9ZOzdsjdk2YmyIN4hg,22,96227,27,217
UCZkvqGJJn59qr6Z-RjbG8_Q,20,684655,24,9246
UCJzxApjhAysydtv2dqAYtMA,2,271554,20,116
UCofrfqvUR3F-0vAD30US6tw,2,228812,97,495
UC951hA3MLyjMNck7dHXf8MQ,17,1655252,76,546
UCFat2Ihn5mA2ZvFuroyOGwg,24,4814816,476,16022
UCcVBJaGDAsYjXEy81G9Nq8w,10,5106,6,8
UC53Bg53OBx6JVWFmh5kYWSw,10,519010,72,234
UCsp6H-PcjKT1xuQDzED68hQ,17,229884,11,334
UCTAK2aYsvkWANoStaDTATzA,20,99993,40,50
UCp1HdTRbbrT06mIOnECcp9A,19,65197,72,808
UCuDyNjro5X_cksrM79O-Jow,20,50376,20,19
UCTCkpwzbaazKvVK0YNoXo1g,22,11844,21,33
UC_7v7W1BNwEVvHyQIb9-oLw,22,98136,41,100
UCQpfkhb91g8spc2o2SUOzFA,10,27831732,151,26171
UCFSCGsVY8zJHy9toajXDlsA,22,561674,91,2869
UCuRfFw0PUpdYq59ooOAnu8g,27,850323,49,1112
UCvEn2EL-jWflvNxg3bO4myg,26,3633486,232,24039
UCmb0LnmFYceH7toqgmUTJDA,20,6179921,1433,50297
UCd400NDUWJdTLcO5jub06wA,10,44810,11,67
UCcEvN30KYmPHKtbtdH2D-CQ,24,147812,6,38
UCxjTGdg2DYJ9MVR0hkzpHvA,17,5684187,3121,6686
UCBXyQvKr-OaHUjpn3fEBsuQ,17,1017392,228,5056
UC8-APnASPyqxhvdiQOvvt9g,10,472221,169,131
UCmNYSzZTZw4QNawVQ038kvw,10,71873,222,34
UCgyz0qRzl96ydHBxkPD1pBw,10,31722684,3866,117183
UCIOD9FAJdprn4J5p83Rb5Aw,22,1694,1,3
UCiuvu9bNX6qSv3oN80IBPZw,22,1740,2,7
UCSG_nwo2bk1yO4omKzMpgvQ,2,1663924,85,148
UCUf6Vx8WiFlrvzK8ElRO8Lg,22,9051,2,9
UCSbJvvoYLE4u1YxADiDqvNQ,24,459432,19,299
UCNwS8A4ElHoDRMw1U0uvbcA,10,26632,31,5
UCSIUdxwx3udSRQ4lzF9irVw,10,255926,15,1123
UCBaUZ8KMzvfdKYNzdQpBQ2g,10,6781495,26,1107
UCaGIYzA5H5k_7dAaOpA4WYQ,10,91125,13,37
UCdLzmm5vknO86yO8UrI41xw,10,3933344,853,6995
UCZjDi3Wuy4IekimOjbYGpCQ,10,12616,11,2
UCU6fJd58eq6YauDlmdtmDHA,10,15417,6,3
UCovtFObhY9NypXcyHxAS7-Q,27,16843082,1041,256401
UCc7CrqpdgGZlQyso7O7Cj2A,10,567803,152,551
UCSA-3fh1WzfKnHPkDUmoqMw,28,9746182,114,66798
UCE1Mu3LbnE7_OzPfsKqDS-g,10,25943415,221,33848
UCjJMacMVI8gIoRILqJuOn3Q,24,17290715,1537,49363
UCYVinkwSX7szARULgYpvhLw,20,2345014530,2492,8996032
UCqWqrfbzNvXECu39vl_pP5w,1,31631010,62,22725
UCZLmV977wZ41RROjOuu-oFA,24,59626899,14812,34926
UCkmxvZFOr4PwzFnRdIyNllg,22,5073,8,2
UCPRfNEBTjnz0GGHb2hMekZQ,20,10678681,169,41691
UCqFMzb-4AUf6WAIbl132QKA,17,506023098,34952,759114
UCuuTQ-HEwfCSZwCtnc1bgeQ,24,280701,529,1211
UC1w33mzH5SuhRDlykhRLbwg,24,2187493,62,5631
UCUo0U24mV861yudj-aVPGpw,1,86840,334,236
UCrMk4rcFt3VYEMif-bQTNEQ,10,5843,3,2
UCTsKqIi_pEE3LbWKrkrdSyQ,28,14064825,1169,67543
UCmOCtkOn7Nu7eIJ8prfJzYA,22,24056,12,43
UCIaeAU4AQ-Kycl6upDplwkg,1,780378,13,515
UC2NGqwU5sbGEEGFKWEBy-sA,22,265834,159,888
UCJA-HEM9UApjvS2ChQH9qAg,2,4342385,1073,1276
UCFzyeVLrv5xzn2iTjnjaNTw,28,48493227,2291,172465
UCf1pUrBH4F9wViExU7Q64KA,17,1937353,805,389
UC3xGcbDsDSHajQN272Cq7DA,17,1673994,140,19822
UCt8lsih6xiO3bzyJpVQocjg,20,362988,43,100
UCBvc7pmUp9wiZIFOXEp1sCg,17,512778017,312,3720189
UCMYQ-wuuzPvpywRy_Lce6Aw,22,380056,78,537
UCmxZw7N4Jyljr1RbSs4Ymaw,17,307187457,12601,209399
UCCAIgKd_LTfWdoEnWFgJrtw,24,17573,26,5
UCMWwvUso2x6wVDTYXKSZHKQ,26,684290,55,277
UClZT7qdA7ITMxJney_EWl8w,17,525323,2747,497
UCD2I0Ha3zCDQLOQlD1yIEFQ,24,247918,24,6540
UChKKMC4c1Vs-Pn8-WgqX_Sw,2,13954,23,15
UC2kgtRlVruCIX_dZm86CQXQ,27,2288218,505,4648
UCYuU21LIpKm-NX_WTCqr56Q,10,51921,24,31
UCK0NRY1A09-L0xLvZgIqQ5Q,24,3662,3,1
UCrKZx553F5U1272WkMg8xcQ,20,170382,108,78
UCTIM_X5ZCgrA4-JD41PcTfA,24,178019,54,327
UC9xTxkz6DYaumBV3TZaMVpw,20,240730,10,158
UCcqmDO49s3X2O-n-088a8vw,17,6728,5,4
UCj6iJTEk_YLd9o1Jqt5xdYA,26,12127696,321,0
UC3kKWui3o96J9nn1lkRwPcw,24,6937,1,11
UCu0wB4RWds4nr1dsd-r20JQ,10,31129,13,30
UC92lZ9DgpF_9wmIUq9RIYCA,10,5413879,261,2687
UCZsjyt3uUzX1WjPx5Xx-kRg,17,4331514,618,13027
UCtAVULgy36_oLYhqL3isw2g,10,75380105,614,61335
UC1eX5wWGYtRK4rdTc77Rv2g,20,8345053,557,84189
UCadeTfYRY_z0YDEjnp-G6Tg,15,2879,1,0
UCV6CUMU_qxAfk9e95ouY9Hw,23,111122,33,10
UCmL1WlDI8UkXDXCXcBQN9CA,24,2638799043,11048,3441210
UC76lmZQ21I84rFRPhX2q2tA,2,29653,13,75
UCxmdHBtWHO3e_76bNY3absw,24,4381,3,11
UCYe-j_a6tAVTZyZrGCZq8dQ,24,562063,62,670
UCYRStfklk8otfZpY9E5nK4g,17,2726788,141,21790
UCLXsp7GMZs9WAzpf2upSWpw,10,14778,19,36
UCX-yBC6iSJlKfLi98mtcBeg,27,303565,399,681
UCXUVrPB5njxF8IBae0ttJPg,2,6740613,379,28235
UCMV_qLZHelFkKoI55DfD70g,26,1529633,50,16071
UCSv6yKLOumjO0JnPt5bcPjg,19,1489216,253,19130
UCQpC5Xa15Gdyby9rbWG6BpQ,10,158273,24,254
UCS2P0xawLDZHWFyBymVOK1A,10,22454838,2088,34545
UCvAN6YEXlaq1CfgSZnirLbA,22,9280,7,17
UCaV95UnnLvOqYrE5045ZsTQ,22,50926,28,84
UCWAE56h2fnfzENVmQhW5Eyg,26,164843,11,1524
UCWy92ED4uH2tD149Ubk4--Q,22,297484,21,42
UCtaYUtD7j-UDRccC5WdzglA,25,450482,280,817
UCMf2NsucUuJYlF1aN5tmG_Q,24,176184,156,360
UCRD6jdpxNXO57p13uUt6afg,20,181225,98,1484
UC8k9J2Y9eE0N28mihfLD9fQ,17,53189044,959,153606
UCYAnCh6SqIyaL6Eoj1Llhig,17,968138,178,23273
UCY_Ss4xRkzDMM9MzKjiqnCw,22,15776371,1261,20885
UCdwmfUxRXrdmGfxpvg0DH0g,2,683464,305,1264
UC_l4MUMQx5C189xisDj52gQ,24,179395,870,83
UC8YLUBuHjRIc49mAEXynZPA,24,169261,25,34
UCzpdzS-yHv3naJFb2Ojcw3A,24,1758697,204,344
UCgDRHon4vwkOgd1ETBo-laA,10,87911,17,56
UCBfDOjJK0xbRpP_RyqLP7yQ,2,61713,13,11
UCmSnopYR03AJufr4-tPJH0Q,24,3066666,339,373
UCjS8211BG-4Ixldev02qSuw,10,310088,55,86
UC8_JumwjO1xA6gnd-SRJbrA,17,1065085,288,2232
UC7SpLClHphJGNAFA2HbMLzg,10,12720,8,124
UCi09iSRiQuI8Yum2s4Jqk0A,22,19180,1,14
UCKM-4OlZgD1iBclTOBVyI-Q,24,35032922,62,398117
UCIUsF7kMTGigJJd8qWYuvkA,24,672863,6,773
UCc77G_FOiLE1RLyegKMWFEQ,17,10561,22,8
UCUhNmvjnOCtCRqCfC180z5Q,24,700101,349,5631
UCUrZK4HLiPpMVJYi9SvN9IA,10,25963,15,109
UCCHOj2caVpX0rbKWUwfc7nw,10,5325,70,3
UC9niXIxvN0X3B3nybwquQ8w,25,102425,58,35
UCfF6hVZ-eVGE7yP9QECDK-g,20,1672431,83,4275
UCG087oup63HrkYKw6H4Orcg,10,429077,74,660
UCFjP-tlWXRZG4vc1SJaZWgw,22,2079535,191,3058
UCMsHRBMzq1TApRcC5MeD7QQ,2,16861185,415,5946
UCpNbMDNc_GXApuxL4aHjSsA,26,12516376,314,173419
UC4JEc3D9aQgG6CPXZVScDZQ,10,43186,8,7
UCC1UcDbrHhqtmZ-XmQ0XhCw,10,40783,38,68
UCrfab2aBVpXhJQvcPumUo3A,10,512457,88,78
UCfbihn7U49ox9oQcI6EuQWw,24,3560762,988,4348
UC29Po77t3EDh_2quyrfR-Dw,23,13958035,2737,15626
UCxqBrvhUF9Ebc9BQxK7JjVA,10,665499,18,109
UCdlHmsUn-pvgOaZ3E3vj6Lg,17,3441715,166,2806
UCfCj-cHNM78KgfXdMVRDb6w,23,43745,4,7
UCujb5MIcKh7KeSWQ7Uax-Wg,17,10566344,2355,34780
UCPZQB35QNvyACZan7PMUZLA,17,19409041,10770,9588
UCjZtkT7xZj05CnDUA33MBQQ,20,682941,42,746
UCg7DHIQXQwuDrItu84MJgew,24,2097674,274,9840
UCHc3el42hXKKhjs_1vzWk9A,24,1227272786,63345,1277109
UC0tGLNPcRvZEzuBYiFMC5eQ,27,1242802,701,9600
UCKnFmxcCDhL9h67Q20GubRQ,22,39708,5,64
UCFsOHIk_L2ujgO4ARD5d9_Q,10,2323455,1122,2488
UCpTFa6iMQ2vMKfTjq3OOCtg,19,38380,17,12
UCTuHIoX1JHYNtKhemy8hsRA,22,9726,13,1
UCypHcf4Zl17QyY-JZmrZvsw,10,288746,31,22
UCVdlqEnP5kA9DyMwabjANsg,10,326694,113,544
UCdAaglkVn0yuXcH5xvnIbQA,20,5199000,159,3386
UC5r3WHrX4Z7peSYpDlgktGw,27,21912145,1181,405150
UCshyM08-MXmCTAq74i3aIkg,28,28227069,836,91112
UCfv1BXGB5n396-twcVKp4BQ,20,18787,31,23
UCmnp-WxsWlhdGZ_lforMX4g,17,53840666,48196,34092
UCv5vbEwaUh0LO6dwVa0iVEw,24,48465963,5023,59645
UC4fxQhWEtdx9R2YHyBNML1g,24,42354,2,4
UCkEeEFu-z9fF_Wpr-tsOoDw,20,8399238,1821,35789
UC6tMN5nmjuWFK3EF6VQ1SuA,1,750073,89,246
UCHrl0SCnhZ2czuezyMZz9ag,1,863579,125,3106
UCozv2WyA_7HJezHV9BW-_SA,24,9050871,309,145728
UCl6mJdBn-R_jAsFXq8uFZng,10,34951100,366,31796
UCUcAiwBk5bjOB-FArf4eOuQ,22,203003,122,534
UCeQmge0MSMyQqDhVk0zsmjw,10,22847,37,0
UC9LKH61gteD90fEuySOnzDw,20,6403838,1739,6136
UCwzPyAbM-mBHg5ISpmkQ3Ow,26,8538956,307,66135
UCak8fK-ILF4ep9TkTrnvpSw,20,144728,145,5653
UCJMPb3AhRVjPGMZYQb_kIyg,17,189431,43,159
UC0lCPqGnp2Ms9BVO_PwT7_w,10,54951,38,0
UCLQZTXj_AnL7fDC8sLrTGMw,2,121404824,6026,394155
UCG1sByvYsOVfu7uVliY8qOw,27,51260322,392,62501
UC2MYPIpoyCzCJ6vkL1LpZYQ,10,801173,23,504
UChoz8fVg1M0QHJTCWDwZPhw,22,209383,25,57
UCjmjWp38PCg15Z5ZS-tmpfw,2,20492507,375,71344
UCt8w6KPEDkf_Qe1FreHCU0A,24,1846865958,1016,3092603
UC62FeQXll5aE7U7YirwwpWw,22,6957,6,2
UCuRKwEJhPkAzIUpntqxDHQw,23,1589483,448,3393
UCMzOv2W12eehIDBzLXpRtjw,27,92677,15,131
UCKKbzv2Mq3YlXhwEd3hx58g,22,781170,262,1289
UCjAaUjBrbOnZFB_d4xPal7w,10,15503,5,19
UCrERTllrAthll3gS_LrAtdg,28,61627,9,202
UChytPNRRSqwF1Jp5_tW-X9w,10,1940,2,0
UC5NdbwHcnz5DlBTIotY8HIQ,10,2739121,174,5206
UCH_agkhtxm48qM5cn4-lykg,1,107737,13,118
UCjcFOi0n4HeR0cWILMkBVuw,22,125693,28,297
UCP8-U_UmqteO-fskHwwtX3Q,20,71122,16,80
UCcnmB4kT9xR8WM1cbnvbY_w,17,422952,139,332
UCYJpXXxZ-E_UTVZkGSrScbQ,10,305070,151,119
UCfHalTgd9GfMoM1az9yLKqg,10,12851,6,16
UC9Hrgm4iHzcfWM56SVw2tuQ,10,239568,50,607
UC-yqiX1Q_vUORSADVplrkbQ,22,1210804,91,963
UCVdrtgK208SJQ6EDMC3sQng,17,29556,6,137
UCuCXCyTDYkFxP_LvN4-75nQ,10,7339,12,10
UChySZ4hAHvHiCC0pL0GPbAA,23,458542,82,3149
UCq8GvqpdYBjizNGkDJJ9Y_g,28,11721027,210,63699
UCw51XXsdK-2EC489Emwcqcw,22,3939,20,4
UC0xvgIkMAnR-E6A-ThAj7CQ,24,194626,193,32
UCDCakQTZx0yL_mHgs7pO6Ew,10,633014,228,807
UColm42gbjL-8al49kqqi4Fw,2,17092725,361,12030
UC2vuM7StuJ7dapcFqKrPDiQ,17,105435477,7079,232821
UC3q_7Bja12Vb3NUgx6lX7Ww,17,2206814,639,237
UClKxqA23xYjZqscXHidIVWA,27,253890,27,2487
UClTHe2ceM0je2aFH4Vz83mg,22,76777105,642,97720
UCQzfpkHNUviMt1FNiT1NWLQ,10,50018,45,92
UCybPtozyD1bAlzo3ubKR5GA,20,705824351,39949,422831
UCba2uIYq75m6SNuK8TtmG9A,26,97817372,323,867605
UCla-QAUwgtbiWPqujNxLfcA,10,875666,129,238
UCt6pRNqkrWZDUebhL1o3T8w,28,3348667,45,1224
UC7jE5vgoYGxCahfAtWlk0gA,24,118485,183,68
UCr1_i2AUi6O7RErRTs4rjrA,24,1426282,181,328
UCbWX64TI2HJI3Y4Rzs4T-Sg,20,49776,12,23
UC072Jd6peqMAy22PUx9bDZA,26,382242,23,4237
UCd5R8xizUUgzJdwXFSS7_Xg,2,67223766,643,67469
UCx54XHfs_9IMVN_ZTKoRuDA,23,4931,11,2
UC2E67yeucJtRLEyyPGjSoww,29,548005,50,369
UCTewGQMmMs0CncOVTMLwhQg,22,53388394,981,268957
UCSVUGVgkOBAtSF_5Lr3BplQ,17,1716,3,2
UCVesA0tasKJBTC3ebUNnp-Q,20,145206,21,119
UCzs40Csl6opEL5i_4YuK_Pw,10,1356473,20,377
UCk6TpMJVc5ep4IwqT24Fubw,10,2004699,276,1053
UCjTCFFq605uuq4YN4VmhkBA,28,238054810,2173,1147482
UCJKt_QVDyUbqdm3ag_py2eQ,10,4290457,1082,4705
UChbmp9N5NttZT3kGlYUzblQ,27,3361185,1271,14829
UCHRomEuH2hX2nutF7LLkXFg,27,21743,3,20
UCVVfWafbTKcHu0TyampWoJQ,2,46838318,526,48855
UCFmZ5fJJi8ndEcHUGUNyc6g,22,293646,96,94
UCbKUGwLwOzGif6tRjCC-8Cw,10,2144582,35,255
UCwyTDDqDcpKHTBiiw678oKw,20,28694,12,77
UCw4XhkrEdBM-1gL2Eo30-4Q,28,4418,2,1
UC60WHcq3PJBYsytHGPgPoxg,17,2250641,2154,2754
UC50kpGOODel6upboeRr29Wg,10,53562,18,276
UCGHxwSg7hpLtjSzLy8CZGOg,10,171494,64,122
UCb3Uqx1jNaj_BhFiOvWJVXg,1,1862735,163,436
UC4XzqIkOvIc88vqprybQoSQ,24,191371,47,57
UCsOUzkzIkNR7nb_q83wn7_Q,24,2375860,1213,1796
UC8lgcvysZVGxR8Da0RBRW9g,22,8823,89,2
UCMjUoV3dgJ9BEVw49MuCgLQ,26,131024,170,119
UCAonH6Byqym88fBgKTwFdtQ,23,2734,1,5
UCDo7-HLf6U7rvbngmAhNkoA,10,5130077,238,11902
UCLhXDyb3XMgB4nW1pI3Q6-w,28,113871511,3316,325632
UCA6RuM6RKDlMfOkmNVya_8A,20,3520813,910,2786
UCXUeZbRVLXITr1ybgSJyasw,27,6486684,1790,3334
UCqjtD7Ec9tSThagnyhLBsQA,10,74201842,218,64933
UCG_j6ftxQjdaA77tmRmAeBw,24,12099,42,8
UC0d5D3-XIYIxbfwm6o8638Q,20,6173968,527,13657
UCdar0wP4Q40B6K--L9rRZNg,10,171874,51,75
UC6HkVP_xUtr1wIUe4nQPo_A,27,1085946,59,8739
UCEqCrD1a8MhZwjTFm7vn1FQ,28,3927,2,4
UCFlWwpSC9IJ8ytkEqTtmu1A,22,273717,133,1942
UCd0svlreYx8t1jQdTK7PfsA,22,5406255,999,22815
UC6qvx3UxVIt1KirvVTSg99A,2,130886,63,20
UCa8HrpaNOSoIUrPuqec2jGg,10,14622498,44,9300
UCQ6UXrtnCIuIisdZldq8npw,20,90233939,7204,154025
UCto35bnvPm_V7iiIvmaqC1A,10,7425260,1013,17985
UCJVGQvLy0-hyEHYrhhBB5QQ,10,10307,1,138
UC9O5nvfr1ACJf3lRYegFxhA,10,495299,256,82
UCcsgb07FIBVGJDNMoLEZ2dA,20,4386439,142,2087
UC7w_1PpN4cUrveTEnPR_ruA,24,646331,90,396
UCBmI_zgn4U9ZXYEqk9DXI8g,10,13579191,92,13326
UCzSi2vXuhv25VtPk4oT0O-g,24,7442502,408,4379
UCAxtVn4eS0WSE5jaKK6qlVA,10,577642191,14036,1281659
UCGBI5D5uMO2In5uMD6itvzQ,24,353822,11,75
UCTrH4s--dRVwV3MOgYkq2Lg,20,19705,3,56
UC8e_DJXzsNtHm7QV_BDNWQw,26,490885,363,0
UC2cU7THEKH-q5-hNMW2IAJw,17,8270,6,2
UCg2NfA0Whcx0rzjaN7f8ihQ,1,106365,25,164
UCchtGBIgja5RAmI3XPvV-xA,20,96074,279,32
UC0HAgvsLljXqzSWHWh0ePEQ,26,2700008,373,7494
UCqRb7uCyZwaK-dGWuE4-N9A,26,26171,46,374
UCSMK-_VJEhTG_jDhlK04VdQ,24,1593875,522,4645
UCErcXQgmjsow5UpLXT1zn9A,2,14851,28,4
UCJaXKxlkzx3DcgtniDCNQ5w,26,16577348,771,31295
UCfBLXTwLoUpDAkHcHizW3Jg,20,5985831,475,31740
UCGBc6qyVKxHYkhmjCl0N-hw,17,1287982,224,257
UC7Twvlx1B3dGuUcE3xed36A,2,2599609,263,3023
UCdt9STEaWQm8K2mBqUZ6fdg,22,29210,22,37
UCLYmWAFs8RacdGtVauakGWA,10,118840,25,50
UC-fxtRERUCXfRdJQArByuUw,2,3220,9,0
UCE5bqtxuCT2wHUNCH2KmJ8g,24,914914,28,67
UCiOxToRlpasZY480lsKVPaA,10,413259,285,2373
UCcxSNAgdGgEaJ2Mm_M3L8-g,22,174402,40,394
UCVoVN5IZfmOpm53LTWv_mEw,20,245124,19,247
UCJaKiPozicrSedDDqY93nxQ,24,10797,2,4
UC_0VY4M2TRjeqifpziwsOKg,20,12832,8,3
UCCECNSIYtwijzr43XNdfQlA,10,194817,30,546
UCE570Jqw0OEqtNY06QqlAOw,2,5778704,422,13452
UCfykEQGKbx5bDfU8DmrOE_Q,22,22423,14,17
UCpe2J0PdNmsqXokblCQWkVA,2,3114590,218,307
UCGZmkgX5xXZZboN0-ZRp3_A,20,1316978,427,6422
UCoNIsGJ2pBhDb6HdtzobUtg,17,8047548,7319,13152
UCWAWxTiKzFfA2yO7hjO6kXg,17,4936,1,1
UCFS2EPWhtlQg6d-r8Qq3wcw,24,15700725,3712,10941
UCGDpVWPZ-WGPntuWF1Kik7g,10,52902,13,10
UCWn-raTLcIF-YKOHfQLWjaw,10,5209045,178,2577
UCVA5wo4V5qO6PRGJuvMH2nw,10,81162,57,138
UCDS7re9AD8jTg-peowkU2ew,24,1287494,115,313
UCy--nD1pnUyWk8HDg9orNDw,10,3528386,320,2913
UCWkWxxfDu2IMYvpl0dCtc2A,10,3657643,9,1056
UCI7s-cS_zUSOZHLDcxI0I8Q,20,193612,129,127
UC_F8QHd5dfmWdCIW4cOmPSw,10,1803,1,4
UCRFBivFMyx3ogRK-n0eTIHg,22,112666,10,102
UCNegomi4-XAmUATq_EH14XQ,22,117531,55,302
UCCqv5X4gnuwuD83QpXWCwfA,2,24612,20,35
UCp-yWSkH2RfK5xm-Z3qo9yg,10,14675,17,10
UCQYYXFpo5jbWHNEk7xKdGYw,17,1105371,141,333
UCQlGBspQdj17WOPBQMT1k9A,24,3455085557,138634,3161701
UCyNOucLDZXhAx6ztScV7iFQ,1,189625,11,239
UChyM3jcR6gRgFpD5U1ZclHw,10,447457,103,0
UC2uZWCSw31y2gkYwpE109hw,1,17308,6,90
UCujVymNv8X9PY3HDB_5sBAw,24,27337448,424,13041
UCEpyUocnghlUQKN33yFIfmg,20,10955475,1103,99495
UCiF0dg4CWC21EZK1PhmQmiw,17,44762,27,64
UCFgkqor41YbYZGQOXmhp7Jg,22,10582,2,1
UCYEdXCUKJOqlJA1GIPcRN9A,10,80994,27,396
UCHRD0xFQAvhI-5IZBEdYrDA,27,900043,500,1925
UCPaYlmMUjYRGrUJ8DwOaK5w,17,5088,15,11
UCMGY0ZWQmyqHzKZcJXaaxnA,22,1950609,2561,7655
UCch-SOIuhnwFBMmciaQWj3A,10,26201,55,44
UCh17-nOzhd1tE9bqztkCuqw,10,30508993,105,153611
UCHSsuyGJK9vQsBQJTvurDhQ,26,1126121,190,2898
UCTY4pLYBU6AcVSeCCuHmJaw,20,28373307,2456,12992
UCuNg_HbU7s_WtDWUsKk5Kdg,24,338390,58,342
UCp49CTyOuj5OUD2jRjZFe2Q,20,233902,23,263
UCGDJLLphnP0zQQaE3kgo5Wg,43,206495728,38749,218688
UCH-zUJlLeg5H6KYu0IZHBtg,17,8314,17,13
UCM4_7Tc_mlsnc5iSuG5qB6w,10,47086860,1346,58561
UC0ljjis1QzFoKBxA9O4gQ2w,10,26109,12,13
UCIfAxaxkWgIiJTkBpePGZHQ,10,2356476,714,2744
UCeFVkJQhBIQW3ONm28h2OAQ,24,164515,17,152
UC79wJrCqxStX4wBYbXN49dw,17,171959,16,107
UCed30r-gRqG4tcLPs3CrWqQ,20,30824,264,319
UC3XAKdJHovW-QOEaY0Z5QzA,22,55258,6,153
UCupCNl_codsqX8G_jPEF9xQ,2,5126,5,1
UC-IfVWMwXH7UazB4PrE_Vyw,26,4080545,144,20717
UCAqisf-D6i0IvYr6m0_-xpg,10,9641,58,10
UCf3ApfNSqikIlGD2KxnbUUw,10,248294,28,564
UCzoI6lBLD63DtM1eukZn2Wg,20,1246,1,3
UCB0wpYIScTBRoe9My5g9iGA,26,2176066,143,22886
UCsR9VKs7WUawo8TAEGthb2Q,24,23143911,395,19217
UCC_uUzH7EhOHjm9nQDfGwag,1,192785,14,136
UCqBjfnrystNidAdNNGVgSow,28,142344,6,0
UClhEIA4NgUey4ty9h8AllHw,23,303795796,196,788371
UCZcCmWhvK0gfThyWRmRerDQ,25,1112572799,27045,785436
UCvzABOeXdl7zdy2Lb7URdUw,1,1048339,51,590
UCI3l_VapjxYpwmQmv3cojUA,10,846227,4,2122
UCxpCwbq-nIMDKj5RfL_6llw,10,1442317,23,4786
UC32IFxNwIJFkC-nyHDtQ9yg,20,109050,26,17
UCNfNC94p_0m302SkH8KFmFw,20,6727760,83,56152
UCIbuh_hZh6hqPbknWDF1ESA,20,21877,5,2
UCbTLwN10NoCU4WDzLf1JMOA,10,4061294006,3576,5676945
UC0qu9kIJ0C22EzcVOZHsL6A,10,6334879,42,2718
UCaBoHaHkl26DeN_ahaHNaEA,20,48570,53,69
UCwvxISJ5KLig-lKgl21YJhA,24,351442,65,1767
UCgc4WcUwasw1WJ8qPmgfKSQ,24,2414374,91,1684
UCDcDw3eCZvwNQdLfSUzhkTg,17,8092942,2716,16046
UCSvyi6Z6QI1uGsOBahqhlCg,17,589988,498,2947
UCEg0AqZPRi_mDEFFPZP58SA,2,23519082,1000,8219
UCAQzr076v_RxV3Z6NC5kjHQ,20,114284,62,494
UCVa_pizLo_pRoKcXXiADNDQ,22,23359,23,15
UC3YoSom6K2d55rhAC1us-fw,22,109978,136,104
UCJhRcJw8q3ijByEVqj4-s0w,20,510010,1266,1838
UCysdrbENErWAI4Z9L2Zv5eA,1,351723048,88,160722
UCoZ8DmwTsiQRquL1Bg_fdfQ,20,2532028,807,12172
UCc7Tj3G1u2r0o1qQXly8bzw,20,90281,150,7
UCUprybWEqWn74kcc9KircGA,17,6063,3,3
UCt8CdzMEoTie3iix3KmvV7A,20,782849247,1853,2455655
UCxQNoLm8uv_XNWk0XiQ5EHQ,1,47738,38,25
UCPo-HlgBo8lxdPWCF62E-2A,22,5562780,701,38813
UCp9y2SHuFrkuMbdiaWgyw4g,28,178763,150,75
UCIyN1hVAIWKJuao3JcZ6HUw,22,37794,4,12
UCBV7B3ZOjXsqtj73CDeItHg,20,301736,159,4572
UCRT3L0I7rO72nMQkqQoXP1g,2,7228434,1374,9335
UC_aYoCs8w45wFS8pP1CVshw,28,11247,2,23
UCCtl6sSl82MC__WcX87iafw,2,77567,26,28
UC8WKMRIdDx0oG5bOkG4smgQ,19,16475114,1651,10232
UCIL-JFLvovsFao3vrsXGzag,20,100306634,1945,332364
UCoIGPxfGxT8Sbdjlhnf9GRw,24,6665,16,2
UC563EZ1SLzgfDIHLRmzIPRQ,2,71362,56,46
UCVawWVTagFACtQM-Bz9oZLg,27,2096090,229,2032
UCiH9RaD34m5GsisAVde2bbg,19,1262740,306,1053
UCnpFV9Jn21yCbZAOpVKGL4A,10,467855,72,1437
UCmeL8GwfOyH6Pt0K9lWCwww,24,130289,7,20
UCtAebVfbry-Ce4oXqkcBJJw,26,30682,25,100
UCbcPIsA5txPImroBVaJiRaw,22,1600742,712,5433
UCoabqfMFYggLI6q_iJh8-jw,1,54491,126,113
UCHXbZQUE49YwHbAJc9Z6wZg,2,80221,102,32
UCWMTR20z_v1zk9V4EJZAEmw,20,40969591,386,333448
UCMIebNc34EmVsbAYOY_vDNA,24,5175,3,1
UCV4_mYEdMcv1YeqZMMiBbsA,27,1171094,152,3774
UCH2X_ZuR8FZalU4xu8hNpow,24,31393998,424,8707
UCuZIrql4x_Jr6aXKRoAOrFw,22,3979708,1101,2176
UC0EKpxlBw6aM6MADzbxfcuQ,17,4926253,140,9429
UCAo76BuzZtVKnY45lF2s8og,22,21841,44,16
UCd4-8S_rZ_M2UxI96pbypLw,1,618029,28,1483
UC2DP749XX4HuBlJufmKsRdA,10,23265,20,76
UCue5UlXITzJz2eopYE_yedQ,2,13873,15,2
UCzoOfm1AILwHCgv2Dc3mdvg,22,43213,4,50
UCOjF7GPRHEGA5f3074L_Tkw,24,3426,8,7
UCBtB6ULonhMb9jXE72CNz-Q,24,22471339,75,8605
UC2l2CRfsl73FV5EETuNcNhg,10,23572,81,10
UCjaSeKdnPGviZREF6EcnJcw,24,390440,35,2155
UCD-9G8Ryrq9o7M3fEWk5rsA,22,2521,1,8
UCXbBAdHOCyfUd6ruv_RUOPQ,20,86773,198,126
UCKm_mjfGRx0kCT7QKNiuylw,20,5839602,165,20825
